מזהה_בקשה,מחוז,אזור,סוג_מבנה,שטח_מבוקש_מ2,שטח_חקלאי_דונם,מספר_בעלי_חיים,מרחק_מכביש_מטר,מרחק_ממגורים_מטר,גובה_מבנה_מטר,פנלים_סולאריים,ייעוד_חקלאי,עמידה_בתמא,מכתב_המלצה,סטטוס_אישור,סיבת_ההחלטה
AG-2024-0001,מחוז צפון,עמקים,חממת קנאביס רפואי,536,106,0,56.2,727.2,6.6,כן,לא,כן,כן,נדחה,"ייעוד לא חקלאי"
AG-2024-0002,מחוז מרכז,שרון,מכון רדייה,617,55,0,11.9,816,7.3,כן,כן,כן,לא,מאושר,""
AG-2024-0003,מחוז צפון,נגב,בית בד,143,143,0,181.7,695.7,6.7,כן,כן,כן,לא,מאושר,""
AG-2024-0004,מחוז ירושלים,גליל,בית בד,606,162,0,80,157.6,1.8,כן,לא,כן,כן,נדחה,"ייעוד לא חקלאי"
AG-2024-0005,מחוז חיפה,גולן,סככת ציוד,140,131,0,13.7,608.5,6.7,כן,כן,לא,לא,נדחה,"אי-עמידה בתמא"
AG-2024-0006,מחוז מרכז,גליל,סככת ציוד,82,57,0,145,80.2,6.1,כן,לא,כן,לא,נדחה,"ייעוד לא חקלאי"
AG-2024-0007,מחוז תל אביב,גליל,אורווה,32,7,6,132.6,44.2,10.6,לא,כן,כן,לא,דרוש תיקון,"גובה מעל 10מ"
AG-2024-0008,מחוז צפון,שפלה,חממה,1784,90,0,108.8,406.7,4.5,לא,כן,לא,כן,נדחה,"אי-עמידה בתמא"
AG-2024-0009,מחוז חיפה,בקעת הירדן,בית אריזה תות שדה,155,143,0,25.1,457.6,4.8,לא,כן,כן,כן,מאושר,""
AG-2024-0010,מחוז דרום,נגב,בית אריזה פרחים,547,154,0,144.4,296.6,7,לא,כן,כן,כן,מאושר,""
AG-2024-0011,מחוז חיפה,גליל,בית אריזה תות שדה,59,56,0,47.1,596.4,5.7,כן,לא,כן,כן,נדחה,"ייעוד לא חקלאי"
AG-2024-0012,מחוז תל אביב,שרון,רפת,204,166,33,168.9,896.9,3.9,לא,לא,כן,לא,נדחה,"ייעוד לא חקלאי"
AG-2024-0013,מחוז חיפה,ערבה,חממת קנאביס רפואי,566,62,0,10.8,238.5,10.8,לא,לא,כן,לא,נדחה,"ייעוד לא חקלאי"
AG-2024-0014,מחוז ירושלים,שרון,מחסן חקלאי,578,113,0,28.8,602.2,5.4,לא,כן,כן,לא,מאושר,""
AG-2024-0015,מחוז דרום,נגב,אורווה,128,163,7,5.6,190,10.9,לא,כן,כן,כן,דרוש תיקון,"גובה מעל 10מ; מרחק מכביש נמוך"
AG-2024-0016,מחוז דרום,בקעת הירדן,בית אריזה,162,178,0,70.1,546.8,7.7,לא,לא,לא,כן,נדחה,"ייעוד לא חקלאי; אי-עמידה בתמא"
AG-2024-0017,מחוז תל אביב,נגב,רפת,644,53,239,42,284.4,3.8,לא,כן,כן,כן,מאושר,""
AG-2024-0018,מחוז תל אביב,חוף הכרמל,יקב,756,190,0,96,891.9,11.2,כן,כן,כן,לא,דרוש תיקון,"גובה מעל 10מ"
AG-2024-0019,מחוז צפון,גולן,מכון רדייה,447,162,0,106.6,723.5,3.5,לא,לא,כן,כן,נדחה,"ייעוד לא חקלאי"
AG-2024-0020,מחוז צפון,גליל,בית אריזה תות שדה,271,46,0,38.4,298.4,4.2,לא,כן,כן,כן,מאושר,""
AG-2024-0021,מחוז דרום,ערבה,יקב,689,74,0,65.7,191.7,10.9,לא,כן,כן,לא,דרוש תיקון,"גובה מעל 10מ"
AG-2024-0022,מחוז דרום,נגב,בית אריזה,737,65,0,176.9,891.8,1.7,כן,כן,כן,לא,מאושר,""
AG-2024-0023,מחוז ירושלים,גולן,כבשייה,258,197,473,151.7,40.6,4.9,לא,כן,לא,לא,נדחה,"אי-עמידה בתמא"
AG-2024-0024,מחוז חיפה,שפלה,רפת,521,123,219,67.8,668.5,2.5,כן,לא,כן,לא,נדחה,"ייעוד לא חקלאי"
AG-2024-0025,מחוז ירושלים,גליל,רפת,277,73,80,130.6,117.5,10.9,כן,כן,כן,לא,דרוש תיקון,"גובה מעל 10מ"
AG-2024-0026,מחוז מרכז,חוף הכרמל,חממת קנאביס רפואי,1042,124,0,88.6,203.4,9.4,לא,כן,לא,כן,נדחה,"אי-עמידה בתמא"
AG-2024-0027,מחוז תל אביב,בקעת הירדן,חממת קנאביס רפואי,822,48,0,110.4,814.8,8.4,כן,כן,לא,כן,נדחה,"אי-עמידה בתמא"
AG-2024-0028,מחוז דרום,נגב,מחסן קירור,348,13,0,86.9,172,7.1,כן,כן,לא,כן,נדחה,"אי-עמידה בתמא"
AG-2024-0029,מחוז תל אביב,נגב,לול,247,85,19246,160.4,468.5,10.6,לא,כן,כן,לא,דרוש תיקון,"גובה מעל 10מ"
AG-2024-0030,מחוז ירושלים,ערבה,בית אריזה תות שדה,418,169,0,68.3,72.6,2.6,לא,כן,לא,לא,נדחה,"אי-עמידה בתמא"
AG-2024-0031,מחוז צפון,שפלה,מחסן חקלאי,114,77,0,6,656.3,1.7,כן,לא,לא,לא,נדחה,"ייעוד לא חקלאי; אי-עמידה בתמא"
AG-2024-0032,מחוז צפון,ערבה,כבשייה,252,159,294,14.8,11,8,כן,כן,לא,לא,נדחה,"אי-עמידה בתמא"
AG-2024-0033,מחוז תל אביב,בקעת הירדן,בריכת דגים,301,178,0,83.8,860.1,9.5,לא,לא,לא,לא,נדחה,"ייעוד לא חקלאי; אי-עמידה בתמא"
AG-2024-0034,מחוז דרום,חוף הכרמל,בית אריזה,173,170,0,143.8,966.7,9.6,לא,כן,לא,כן,נדחה,"אי-עמידה בתמא"
AG-2024-0035,מחוז מרכז,חוף הכרמל,לול,659,117,91850,16.7,848.3,5,לא,כן,כן,לא,מאושר,""
AG-2024-0036,מחוז ירושלים,חוף הכרמל,מחסן חקלאי,53,193,0,113,660.1,4.7,כן,כן,לא,כן,נדחה,"אי-עמידה בתמא"
AG-2024-0037,מחוז מרכז,נגב,מחסן חקלאי,784,114,0,143.4,283.3,11.4,כן,כן,כן,כן,דרוש תיקון,"גובה מעל 10מ"
AG-2024-0038,מחוז דרום,חוף הכרמל,לול,682,176,31860,51.6,414.1,9.8,לא,כן,לא,כן,נדחה,"אי-עמידה בתמא"
AG-2024-0039,מחוז דרום,חוף הכרמל,בית בד,706,53,0,32.5,625.2,7.6,כן,לא,כן,לא,נדחה,"ייעוד לא חקלאי"
AG-2024-0040,מחוז צפון,שפלה,לול,254,27,49671,105,358,6.2,לא,כן,כן,לא,מאושר,""
AG-2024-0041,מחוז דרום,חוף הכרמל,רפת,342,70,112,84.9,558.1,2.6,כן,לא,כן,לא,נדחה,"ייעוד לא חקלאי"
AG-2024-0042,מחוז דרום,נגב,בית אריזה פרחים,664,88,0,26.7,478.3,3.5,לא,לא,כן,כן,נדחה,"ייעוד לא חקלאי"
AG-2024-0043,מחוז ירושלים,שפלה,בריכת דגים,788,98,0,34.8,633.2,4.1,כן,כן,כן,לא,מאושר,""
AG-2024-0044,מחוז מרכז,עמקים,לול,261,13,17672,48.8,221.8,8.8,כן,לא,כן,כן,נדחה,"ייעוד לא חקלאי"
AG-2024-0045,מחוז צפון,חוף הכרמל,חממה,1341,35,0,135.9,867.7,10.1,כן,כן,לא,לא,נדחה,"אי-עמידה בתמא"
AG-2024-0046,מחוז דרום,עמקים,בית אריזה,125,62,0,57.5,87.7,3,כן,כן,כן,לא,מאושר,""
AG-2024-0047,מחוז ירושלים,גליל,כבשייה,711,146,305,74.5,492.4,6.6,כן,לא,כן,לא,נדחה,"ייעוד לא חקלאי"
AG-2024-0048,מחוז דרום,בקעת הירדן,בית אריזה,646,94,0,50.1,615.2,7.3,כן,כן,כן,כן,מאושר,""
AG-2024-0049,מחוז צפון,ערבה,בית אריזה תות שדה,710,163,0,42.5,884.7,3.6,כן,כן,כן,כן,מאושר,""
AG-2024-0050,מחוז מרכז,בקעת הירדן,מחסן חקלאי,350,45,0,75.4,50.4,3.3,לא,כן,כן,כן,מאושר,""
AG-2024-0051,מחוז מרכז,גולן,סככת ציוד,58,185,0,13.9,259.6,1.8,כן,כן,לא,לא,נדחה,"אי-עמידה בתמא"
AG-2024-0052,מחוז ירושלים,גולן,לול,231,169,8376,38.5,389.2,5.6,לא,כן,לא,לא,נדחה,"אי-עמידה בתמא"
AG-2024-0053,מחוז תל אביב,עמקים,כבשייה,700,6,291,45.4,592.6,8.8,לא,כן,לא,לא,נדחה,"אי-עמידה בתמא"
AG-2024-0054,מחוז מרכז,שפלה,מחסן חקלאי,569,94,0,132.6,18.1,6.6,לא,כן,לא,כן,נדחה,"אי-עמידה בתמא"
AG-2024-0055,מחוז ירושלים,ערבה,בית אריזה,762,128,0,109.2,379.3,7.7,כן,כן,לא,כן,נדחה,"אי-עמידה בתמא"
AG-2024-0056,מחוז דרום,ערבה,חממה,950,153,0,108.4,97,5.8,כן,כן,לא,לא,נדחה,"אי-עמידה בתמא"
AG-2024-0057,מחוז דרום,בקעת הירדן,בית אריזה תות שדה,658,134,0,52.2,463,5.8,כן,לא,לא,לא,נדחה,"ייעוד לא חקלאי; אי-עמידה בתמא"
AG-2024-0058,מחוז תל אביב,בקעת הירדן,חממת קנאביס רפואי,1841,15,0,28.2,794,6.9,כן,כן,כן,כן,מאושר,""
AG-2024-0059,מחוז צפון,שרון,בריכת דגים,532,86,0,65.5,107,1.6,לא,כן,לא,לא,נדחה,"אי-עמידה בתמא"
AG-2024-0060,מחוז תל אביב,גולן,מכון רדייה,275,185,0,93.7,366,3.7,לא,כן,כן,כן,מאושר,""
AG-2024-0061,מחוז ירושלים,גליל,יקב,269,196,0,75.8,318.8,10.2,לא,לא,לא,לא,נדחה,"ייעוד לא חקלאי; אי-עמידה בתמא"
AG-2024-0062,מחוז תל אביב,גליל,בית אריזה,577,154,0,150.4,211.6,10.8,כן,לא,כן,כן,נדחה,"ייעוד לא חקלאי"
AG-2024-0063,מחוז מרכז,חוף הכרמל,לול,538,11,21771,58.7,673.1,3.1,לא,כן,כן,לא,מאושר,""
AG-2024-0064,מחוז מרכז,גולן,בית אריזה,684,87,0,97.1,668.7,9,כן,לא,כן,לא,נדחה,"ייעוד לא חקלאי"
AG-2024-0065,מחוז צפון,נגב,בית אריזה פרחים,152,166,0,41,969.7,6.8,כן,כן,כן,לא,מאושר,""
AG-2024-0066,מחוז חיפה,עמקים,לול,345,122,41589,80.2,383,3,כן,כן,כן,לא,מאושר,""
AG-2024-0067,מחוז חיפה,שפלה,מכון רדייה,460,169,0,18.6,53.9,3.8,כן,כן,לא,כן,נדחה,"אי-עמידה בתמא"
AG-2024-0068,מחוז ירושלים,בקעת הירדן,בית בד,99,140,0,45.1,452.6,4,כן,כן,כן,כן,מאושר,""
AG-2024-0069,מחוז תל אביב,נגב,חממה,1715,89,0,107.9,533.7,10.6,כן,לא,כן,לא,נדחה,"ייעוד לא חקלאי"
AG-2024-0070,מחוז צפון,גולן,חממת קנאביס רפואי,1002,122,0,154.6,924.7,2.6,לא,כן,כן,כן,מאושר,""
AG-2024-0071,מחוז צפון,גולן,בית בד,142,172,0,159.5,503.5,5.1,לא,כן,לא,לא,נדחה,"אי-עמידה בתמא"
AG-2024-0072,מחוז מרכז,ערבה,סככת ציוד,457,165,0,159.8,152,10.1,כן,כן,כן,כן,דרוש תיקון,"גובה מעל 10מ"
AG-2024-0073,מחוז דרום,חוף הכרמל,בית אריזה,202,119,0,110.8,562.8,7.9,כן,כן,כן,כן,מאושר,""
AG-2024-0074,מחוז תל אביב,גולן,אורווה,398,53,12,18.7,515.6,10.5,כן,כן,לא,כן,נדחה,"אי-עמידה בתמא"
AG-2024-0075,מחוז תל אביב,ערבה,בית אריזה,482,58,0,19.2,127,8,לא,לא,כן,לא,נדחה,"ייעוד לא חקלאי"
AG-2024-0076,מחוז חיפה,עמקים,בית אריזה תות שדה,135,120,0,178.9,833,1.7,כן,כן,לא,כן,נדחה,"אי-עמידה בתמא"
AG-2024-0077,מחוז צפון,שפלה,בית אריזה תות שדה,434,134,0,103.1,836.8,6.4,כן,כן,כן,לא,מאושר,""
AG-2024-0078,מחוז מרכז,שפלה,בריכת דגים,388,70,0,88.9,807.9,10.3,כן,כן,כן,כן,דרוש תיקון,"גובה מעל 10מ"
AG-2024-0079,מחוז תל אביב,בקעת הירדן,בית אריזה תות שדה,436,71,0,154.8,899,8.9,לא,לא,כן,כן,נדחה,"ייעוד לא חקלאי"
AG-2024-0080,מחוז צפון,נגב,חממה,2106,35,0,163.6,881.1,7.7,כן,כן,לא,לא,נדחה,"אי-עמידה בתמא"
AG-2024-0081,מחוז ירושלים,נגב,אורווה,457,193,5,114.3,586.4,9.7,לא,לא,כן,לא,נדחה,"ייעוד לא חקלאי"
AG-2024-0082,מחוז חיפה,בקעת הירדן,אורווה,328,81,12,193.5,989.7,3.7,כן,כן,כן,לא,מאושר,""
AG-2024-0083,מחוז מרכז,ערבה,בית אריזה תות שדה,139,189,0,137.8,88.5,1.5,לא,כן,כן,לא,מאושר,""
AG-2024-0084,מחוז חיפה,גולן,מחסן חקלאי,327,160,0,28.5,677.8,6.7,כן,כן,לא,לא,נדחה,"אי-עמידה בתמא"
AG-2024-0085,מחוז דרום,ערבה,סככת ציוד,628,175,0,53.8,183.2,7,לא,לא,כן,לא,נדחה,"ייעוד לא חקלאי"
AG-2024-0086,מחוז תל אביב,חוף הכרמל,מחסן חקלאי,434,24,0,148.7,622.1,10.8,כן,כן,כן,לא,דרוש תיקון,"גובה מעל 10מ"
AG-2024-0087,מחוז תל אביב,עמקים,בריכת דגים,288,43,0,159.8,241.7,6.2,לא,לא,לא,לא,נדחה,"ייעוד לא חקלאי; אי-עמידה בתמא"
AG-2024-0088,מחוז חיפה,עמקים,יקב,691,126,0,134,283.2,4.3,לא,כן,כן,לא,מאושר,""
AG-2024-0089,מחוז דרום,ערבה,רפת,621,137,326,103.6,765.7,5.7,כן,כן,כן,כן,מאושר,""
AG-2024-0090,מחוז דרום,עמקים,מחסן קירור,496,135,0,26.1,315.6,3,כן,כן,כן,לא,מאושר,""
AG-2024-0091,מחוז מרכז,גליל,מחסן קירור,743,41,0,14.7,437.3,6.9,כן,לא,לא,לא,נדחה,"ייעוד לא חקלאי; אי-עמידה בתמא"
AG-2024-0092,מחוז דרום,ערבה,מכון רדייה,1058,70,0,24.4,557.8,2.3,לא,כן,לא,כן,נדחה,"אי-עמידה בתמא"
AG-2024-0093,מחוז דרום,ערבה,כבשייה,290,45,215,29.7,277.9,8.2,כן,לא,לא,כן,נדחה,"ייעוד לא חקלאי; אי-עמידה בתמא"
AG-2024-0094,מחוז חיפה,נגב,בית אריזה פרחים,62,140,0,24.6,152.2,6,כן,כן,לא,כן,נדחה,"אי-עמידה בתמא"
AG-2024-0095,מחוז צפון,עמקים,מחסן קירור,218,151,0,175.8,790,3.3,לא,לא,כן,כן,נדחה,"ייעוד לא חקלאי"
AG-2024-0096,מחוז דרום,עמקים,סככת ציוד,407,142,0,30.9,392.1,9.3,כן,כן,כן,לא,מאושר,""
AG-2024-0097,מחוז ירושלים,שפלה,רפת,569,25,20,74.1,496.9,1.6,לא,כן,כן,לא,מאושר,""
AG-2024-0098,מחוז חיפה,שפלה,מכון רדייה,778,16,0,27.3,806.5,3.2,כן,כן,לא,כן,נדחה,"אי-עמידה בתמא"
AG-2024-0099,מחוז דרום,בקעת הירדן,כבשייה,188,147,153,145.2,809.8,6.8,כן,לא,כן,לא,נדחה,"ייעוד לא חקלאי"
AG-2024-0100,מחוז מרכז,בקעת הירדן,אורווה,70,166,11,168.3,771,8.7,לא,כן,כן,לא,מאושר,""
AG-2024-0101,מחוז ירושלים,עמקים,רפת,315,89,319,152.8,954.1,4.5,כן,כן,לא,לא,נדחה,"אי-עמידה בתמא"
AG-2024-0102,מחוז מרכז,ערבה,בריכת דגים,129,94,0,114.3,20.5,5.3,כן,כן,כן,כן,מאושר,""
AG-2024-0103,מחוז דרום,עמקים,בית אריזה,583,79,0,197.8,227.5,7.9,כן,לא,כן,כן,נדחה,"ייעוד לא חקלאי"
AG-2024-0104,מחוז דרום,עמקים,בית אריזה,590,106,0,33,930.7,11.4,כן,כן,כן,כן,דרוש תיקון,"גובה מעל 10מ"
AG-2024-0105,מחוז דרום,שרון,כבשייה,94,33,201,23.8,993.9,3.4,כן,כן,לא,לא,נדחה,"אי-עמידה בתמא"
AG-2024-0106,מחוז צפון,ערבה,בית אריזה פרחים,126,45,0,65.5,841.3,2.2,כן,כן,לא,לא,נדחה,"אי-עמידה בתמא"
AG-2024-0107,מחוז צפון,ערבה,אורווה,335,46,12,166.2,698,9.6,לא,כן,כן,כן,מאושר,""
AG-2024-0108,מחוז תל אביב,עמקים,מכון רדייה,140,119,0,6.7,16.2,4.1,לא,כן,כן,לא,דרוש תיקון,"מרחק מכביש נמוך"
AG-2024-0109,מחוז דרום,בקעת הירדן,יקב,124,137,0,55.1,901.5,10.2,לא,כן,לא,כן,נדחה,"אי-עמידה בתמא"
AG-2024-0110,מחוז תל אביב,חוף הכרמל,יקב,799,68,0,189.8,587.5,2.8,לא,כן,כן,כן,מאושר,""
AG-2024-0111,מחוז צפון,נגב,חממה,2129,73,0,71,725.2,6.4,לא,כן,כן,כן,מאושר,""
AG-2024-0112,מחוז תל אביב,גליל,בית אריזה תות שדה,458,147,0,58.9,534.2,11.1,כן,לא,לא,כן,נדחה,"ייעוד לא חקלאי; אי-עמידה בתמא"
AG-2024-0113,מחוז חיפה,גולן,סככת ציוד,472,164,0,89.8,973.7,8,כן,לא,כן,לא,נדחה,"ייעוד לא חקלאי"
AG-2024-0114,מחוז דרום,נגב,מחסן חקלאי,702,45,0,42.6,483.4,5.9,כן,כן,כן,לא,מאושר,""
AG-2024-0115,מחוז ירושלים,חוף הכרמל,לול,502,127,61934,139,248.5,8.2,לא,כן,כן,כן,דרוש תיקון,"לול - מרחק ממגורים בין 100-300מ"
AG-2024-0116,מחוז צפון,בקעת הירדן,בית אריזה תות שדה,775,75,0,194.7,109.3,5.2,כן,כן,כן,כן,מאושר,""
AG-2024-0117,מחוז חיפה,גליל,רפת,381,66,42,148,247.3,4.3,לא,כן,לא,כן,נדחה,"אי-עמידה בתמא"
AG-2024-0118,מחוז צפון,גולן,חממה,2139,83,0,64.2,403.5,7.7,כן,לא,כן,כן,נדחה,"ייעוד לא חקלאי"
AG-2024-0119,מחוז מרכז,עמקים,בית אריזה,499,71,0,46.6,288.1,7.1,כן,כן,כן,כן,מאושר,""
AG-2024-0120,מחוז תל אביב,שרון,בית אריזה תות שדה,64,86,0,159.3,353.3,3.5,כן,כן,לא,כן,נדחה,"אי-עמידה בתמא"
AG-2024-0121,מחוז צפון,בקעת הירדן,חממה,1422,57,0,151.2,199.9,2.6,כן,לא,כן,לא,נדחה,"ייעוד לא חקלאי"
AG-2024-0122,מחוז תל אביב,בקעת הירדן,סככת ציוד,369,72,0,64.5,96.8,9.1,כן,כן,כן,לא,מאושר,""
AG-2024-0123,מחוז ירושלים,בקעת הירדן,מכון רדייה,722,71,0,20.3,163.9,2.1,כן,כן,כן,לא,מאושר,""
AG-2024-0124,מחוז דרום,גליל,מחסן חקלאי,99,104,0,87.5,415.5,11.4,כן,לא,כן,כן,נדחה,"ייעוד לא חקלאי"
AG-2024-0125,מחוז תל אביב,גליל,בית אריזה,745,185,0,37.6,18.4,4.6,כן,כן,לא,לא,נדחה,"אי-עמידה בתמא"
AG-2024-0126,מחוז מרכז,חוף הכרמל,מחסן חקלאי,629,184,0,47.7,575.3,11.2,לא,כן,כן,כן,דרוש תיקון,"גובה מעל 10מ"
AG-2024-0127,מחוז תל אביב,ערבה,רפת,338,159,181,128.8,589.9,9.5,כן,כן,כן,כן,מאושר,""
AG-2024-0128,מחוז צפון,עמקים,סככת ציוד,47,56,0,32.6,724.4,4.1,כן,כן,כן,לא,מאושר,""
AG-2024-0129,מחוז תל אביב,עמקים,אורווה,193,75,19,21,796.5,4.8,לא,כן,כן,כן,מאושר,""
AG-2024-0130,מחוז תל אביב,גליל,חממה,1859,37,0,149.6,632.7,10.2,לא,כן,כן,כן,דרוש תיקון,"גובה מעל 10מ"
AG-2024-0131,מחוז דרום,נגב,בריכת דגים,160,99,0,12.2,252.1,5.8,לא,לא,כן,לא,נדחה,"ייעוד לא חקלאי"
AG-2024-0132,מחוז דרום,ערבה,סככת ציוד,665,32,0,199.1,667.6,9.3,לא,כן,לא,כן,נדחה,"אי-עמידה בתמא"
AG-2024-0133,מחוז מרכז,גליל,מחסן קירור,499,120,0,17.1,888.4,8.2,לא,לא,כן,כן,נדחה,"ייעוד לא חקלאי"
AG-2024-0134,מחוז צפון,שרון,מחסן חקלאי,111,108,0,18,364.4,4,לא,לא,לא,כן,נדחה,"ייעוד לא חקלאי; אי-עמידה בתמא"
AG-2024-0135,מחוז צפון,נגב,בית אריזה תות שדה,709,122,0,63.7,836.1,8.1,לא,לא,כן,כן,נדחה,"ייעוד לא חקלאי"
AG-2024-0136,מחוז תל אביב,ערבה,מכון רדייה,1003,160,0,124.2,113.5,4.7,כן,לא,לא,לא,נדחה,"ייעוד לא חקלאי; אי-עמידה בתמא"
AG-2024-0137,מחוז תל אביב,עמקים,בית בד,560,112,0,149.4,410.5,11.4,כן,כן,לא,כן,נדחה,"אי-עמידה בתמא"
AG-2024-0138,מחוז תל אביב,שרון,חממה,343,87,0,171.1,499.3,5.8,לא,כן,לא,כן,נדחה,"אי-עמידה בתמא"
AG-2024-0139,מחוז מרכז,ערבה,סככת ציוד,683,28,0,126.1,168.1,2.4,לא,כן,לא,לא,נדחה,"אי-עמידה בתמא"
AG-2024-0140,מחוז דרום,שרון,בית אריזה פרחים,304,163,0,113.8,927,4.5,לא,כן,לא,לא,נדחה,"אי-עמידה בתמא"
AG-2024-0141,מחוז חיפה,גולן,בית בד,266,49,0,107.6,756.6,9.1,כן,כן,כן,כן,מאושר,""
AG-2024-0142,מחוז צפון,שרון,כבשייה,98,108,323,119,495.8,6.7,כן,לא,לא,לא,נדחה,"ייעוד לא חקלאי; אי-עמידה בתמא"
AG-2024-0143,מחוז חיפה,גליל,חממת קנאביס רפואי,1565,34,0,103,549.3,9.3,לא,כן,כן,כן,מאושר,""
AG-2024-0144,מחוז צפון,חוף הכרמל,בית אריזה תות שדה,37,155,0,121.5,404.5,11.2,לא,כן,כן,כן,דרוש תיקון,"גובה מעל 10מ"
AG-2024-0145,מחוז מרכז,עמקים,כבשייה,252,27,97,159.7,884.4,6.1,כן,כן,כן,לא,מאושר,""
AG-2024-0146,מחוז תל אביב,נגב,בית אריזה פרחים,296,153,0,136.9,995,11.2,כן,כן,לא,לא,נדחה,"אי-עמידה בתמא"
AG-2024-0147,מחוז מרכז,נגב,בריכת דגים,657,83,0,13.4,277.3,1.5,לא,לא,כן,כן,נדחה,"ייעוד לא חקלאי"
AG-2024-0148,מחוז ירושלים,נגב,כבשייה,248,102,461,119.3,168.8,7,כן,כן,כן,לא,מאושר,""
AG-2024-0149,מחוז תל אביב,נגב,סככת ציוד,374,19,0,51.6,62.4,6.7,לא,כן,כן,כן,מאושר,""
AG-2024-0150,מחוז חיפה,ערבה,אורווה,380,74,24,170,995.9,7.1,כן,לא,כן,כן,נדחה,"ייעוד לא חקלאי"
AG-2024-0151,מחוז ירושלים,שרון,בריכת דגים,46,134,0,101.3,109.5,4.6,לא,כן,כן,לא,מאושר,""
AG-2024-0152,מחוז ירושלים,שפלה,בית אריזה תות שדה,518,86,0,178,923.4,1.7,כן,לא,כן,כן,נדחה,"ייעוד לא חקלאי"
AG-2024-0153,מחוז מרכז,גליל,יקב,133,114,0,27,879.2,7.9,לא,כן,לא,לא,נדחה,"אי-עמידה בתמא"
AG-2024-0154,מחוז ירושלים,חוף הכרמל,אורווה,413,20,6,152.9,49.5,9,לא,כן,כן,כן,מאושר,""
AG-2024-0155,מחוז מרכז,בקעת הירדן,בית אריזה פרחים,63,186,0,74.4,888.7,11.2,כן,לא,לא,כן,נדחה,"ייעוד לא חקלאי; אי-עמידה בתמא"
AG-2024-0156,מחוז ירושלים,עמקים,מכון רדייה,1006,146,0,172.1,353.9,7.3,לא,לא,לא,כן,נדחה,"ייעוד לא חקלאי; אי-עמידה בתמא"
AG-2024-0157,מחוז צפון,נגב,בית בד,208,13,0,108.8,984.9,7.2,כן,כן,כן,כן,מאושר,""
AG-2024-0158,מחוז ירושלים,גולן,כבשייה,701,48,61,43,15.3,7.5,כן,לא,לא,כן,נדחה,"ייעוד לא חקלאי; אי-עמידה בתמא"
AG-2024-0159,מחוז דרום,חוף הכרמל,רפת,623,40,285,129.6,164.7,2.3,כן,כן,כן,לא,מאושר,""
AG-2024-0160,מחוז דרום,גולן,בריכת דגים,797,74,0,65.2,620.1,5.8,כן,כן,כן,כן,מאושר,""
AG-2024-0161,מחוז תל אביב,נגב,בריכת דגים,621,154,0,161.2,565.4,3.7,לא,לא,לא,כן,נדחה,"ייעוד לא חקלאי; אי-עמידה בתמא"
AG-2024-0162,מחוז מרכז,עמקים,כבשייה,50,184,207,127.5,118.5,11.1,כן,כן,כן,כן,דרוש תיקון,"גובה מעל 10מ"
AG-2024-0163,מחוז ירושלים,גליל,סככת ציוד,583,55,0,9,656.2,8.9,כן,כן,כן,לא,דרוש תיקון,"מרחק מכביש נמוך"
AG-2024-0164,מחוז חיפה,שרון,כבשייה,64,192,477,165.6,78.3,10,לא,לא,לא,לא,נדחה,"ייעוד לא חקלאי; אי-עמידה בתמא"
AG-2024-0165,מחוז ירושלים,בקעת הירדן,כבשייה,157,27,355,46.7,309.6,7.8,לא,לא,לא,לא,נדחה,"ייעוד לא חקלאי; אי-עמידה בתמא"
AG-2024-0166,מחוז צפון,בקעת הירדן,מחסן חקלאי,282,59,0,14.1,129.7,1.7,לא,כן,כן,כן,מאושר,""
AG-2024-0167,מחוז מרכז,גליל,בית אריזה תות שדה,248,77,0,58.6,245.5,9.2,לא,כן,כן,כן,מאושר,""
AG-2024-0168,מחוז מרכז,בקעת הירדן,חממת קנאביס רפואי,1386,23,0,152.2,788.7,6.8,כן,כן,לא,לא,נדחה,"אי-עמידה בתמא"
AG-2024-0169,מחוז ירושלים,ערבה,חממה,1719,153,0,136.6,764.8,10.5,כן,לא,כן,לא,נדחה,"ייעוד לא חקלאי"
AG-2024-0170,מחוז מרכז,בקעת הירדן,יקב,427,53,0,33,404.4,10.1,לא,לא,כן,כן,נדחה,"ייעוד לא חקלאי"
AG-2024-0171,מחוז מרכז,גליל,בית אריזה פרחים,224,177,0,164.2,103.9,9.8,כן,כן,כן,לא,מאושר,""
AG-2024-0172,מחוז צפון,נגב,חממת קנאביס רפואי,1311,177,0,38.8,867.7,8.1,לא,לא,כן,לא,נדחה,"ייעוד לא חקלאי"
AG-2024-0173,מחוז צפון,נגב,כבשייה,558,182,461,26.1,99.5,10.7,כן,כן,לא,כן,נדחה,"אי-עמידה בתמא"
AG-2024-0174,מחוז מרכז,ערבה,בית אריזה תות שדה,354,175,0,63.1,228.2,7.5,לא,כן,כן,כן,מאושר,""
AG-2024-0175,מחוז ירושלים,שרון,מכון רדייה,1089,20,0,160.1,728.4,8.4,לא,כן,לא,לא,נדחה,"אי-עמידה בתמא"
AG-2024-0176,מחוז מרכז,עמקים,מחסן חקלאי,218,87,0,159,433.6,4.5,כן,כן,לא,לא,נדחה,"אי-עמידה בתמא"
AG-2024-0177,מחוז חיפה,חוף הכרמל,אורווה,121,114,6,154.4,920.1,11.2,לא,כן,כן,כן,דרוש תיקון,"גובה מעל 10מ"
AG-2024-0178,מחוז מרכז,בקעת הירדן,חממה,285,93,0,98.3,405.4,10.8,לא,כן,כן,לא,דרוש תיקון,"גובה מעל 10מ"
AG-2024-0179,מחוז דרום,שפלה,יקב,601,41,0,172.4,873.6,7.8,כן,כן,כן,לא,מאושר,""
AG-2024-0180,מחוז תל אביב,ערבה,מחסן חקלאי,643,144,0,167.2,419.5,11.2,לא,לא,כן,לא,נדחה,"ייעוד לא חקלאי"
AG-2024-0181,מחוז חיפה,חוף הכרמל,חממה,755,36,0,119.5,862.5,2.5,לא,כן,כן,לא,מאושר,""
AG-2024-0182,מחוז חיפה,גולן,בית אריזה תות שדה,262,183,0,197.6,345.3,5.4,לא,לא,כן,כן,נדחה,"ייעוד לא חקלאי"
AG-2024-0183,מחוז צפון,גולן,יקב,239,154,0,65.6,140.4,9.8,כן,לא,כן,לא,נדחה,"ייעוד לא חקלאי"
AG-2024-0184,מחוז מרכז,גולן,בית אריזה פרחים,612,109,0,23.9,640,6.6,כן,לא,לא,כן,נדחה,"ייעוד לא חקלאי; אי-עמידה בתמא"
AG-2024-0185,מחוז ירושלים,נגב,בית אריזה פרחים,509,158,0,168.8,135,3.3,לא,לא,כן,לא,נדחה,"ייעוד לא חקלאי"
AG-2024-0186,מחוז תל אביב,גליל,אורווה,431,127,17,121.5,927.6,7.1,כן,כן,כן,לא,מאושר,""
AG-2024-0187,מחוז ירושלים,ערבה,יקב,628,43,0,49.1,793,10.4,כן,כן,לא,לא,נדחה,"אי-עמידה בתמא"
AG-2024-0188,מחוז חיפה,עמקים,רפת,693,173,131,173.5,332.5,9.1,כן,כן,כן,כן,מאושר,""
AG-2024-0189,מחוז מרכז,גולן,מחסן קירור,421,174,0,57.4,216.7,2.2,כן,לא,כן,כן,נדחה,"ייעוד לא חקלאי"
AG-2024-0190,מחוז ירושלים,חוף הכרמל,מחסן קירור,569,120,0,78.9,925.9,2.1,לא,כן,כן,כן,מאושר,""
AG-2024-0191,מחוז דרום,ערבה,בית אריזה,234,88,0,177.4,717.9,11.2,כן,כן,לא,כן,נדחה,"אי-עמידה בתמא"
AG-2024-0192,מחוז ירושלים,גליל,כבשייה,464,180,306,42.7,395.2,2.2,כן,כן,כן,כן,מאושר,""
AG-2024-0193,מחוז תל אביב,גליל,בריכת דגים,189,149,0,9.2,811.1,6.3,כן,לא,לא,כן,נדחה,"ייעוד לא חקלאי; אי-עמידה בתמא"
AG-2024-0194,מחוז חיפה,חוף הכרמל,יקב,206,25,0,29,798.7,11.4,כן,כן,לא,לא,נדחה,"אי-עמידה בתמא"
AG-2024-0195,מחוז מרכז,נגב,חממה,1979,197,0,52.8,693.1,7.2,כן,כן,כן,לא,דרוש תיקון,"חסר מכתב המלצה לבנייה גדולה"
AG-2024-0196,מחוז צפון,שרון,חממה,2159,37,0,198.1,340.1,3.7,לא,כן,לא,לא,נדחה,"אי-עמידה בתמא"
AG-2024-0197,מחוז דרום,שרון,בית אריזה תות שדה,186,53,0,114.7,270.2,6.9,כן,לא,לא,לא,נדחה,"ייעוד לא חקלאי; אי-עמידה בתמא"
AG-2024-0198,מחוז ירושלים,חוף הכרמל,בית אריזה פרחים,119,165,0,76.2,831.9,8.4,כן,כן,כן,לא,מאושר,""
AG-2024-0199,מחוז צפון,ערבה,מחסן קירור,690,19,0,95,198.4,5.5,לא,כן,כן,לא,מאושר,""
AG-2024-0200,מחוז מרכז,שפלה,כבשייה,672,176,497,92.7,124.4,6.7,כן,כן,כן,כן,מאושר,""
AG-2024-0201,מחוז חיפה,גליל,מכון רדייה,196,160,0,99.7,495.5,3.3,לא,כן,כן,לא,מאושר,""
AG-2024-0202,מחוז דרום,גולן,מחסן חקלאי,269,141,0,5.2,951.1,9.1,לא,כן,לא,לא,נדחה,"אי-עמידה בתמא"
AG-2024-0203,מחוז חיפה,חוף הכרמל,מחסן קירור,787,197,0,97.4,519,2.2,לא,כן,כן,כן,מאושר,""
AG-2024-0204,מחוז ירושלים,ערבה,בית אריזה תות שדה,467,38,0,87.6,554,3,לא,כן,כן,כן,מאושר,""
AG-2024-0205,מחוז חיפה,שפלה,מכון רדייה,712,92,0,81.5,425.7,2.4,כן,כן,לא,כן,נדחה,"אי-עמידה בתמא"
AG-2024-0206,מחוז חיפה,נגב,סככת ציוד,625,78,0,104.6,696.3,6.6,כן,כן,לא,לא,נדחה,"אי-עמידה בתמא"
AG-2024-0207,מחוז חיפה,חוף הכרמל,כבשייה,703,113,284,45,624.6,3.5,לא,כן,כן,כן,מאושר,""
AG-2024-0208,מחוז מרכז,נגב,בית אריזה,232,54,0,187.4,668.3,9.1,כן,לא,כן,כן,נדחה,"ייעוד לא חקלאי"
AG-2024-0209,מחוז חיפה,שפלה,מחסן חקלאי,134,129,0,195.6,977.5,7.9,לא,כן,לא,כן,נדחה,"אי-עמידה בתמא"
AG-2024-0210,מחוז דרום,עמקים,בית בד,202,16,0,13.1,242.3,2,לא,כן,לא,כן,נדחה,"אי-עמידה בתמא"
AG-2024-0211,מחוז צפון,שרון,סככת ציוד,112,125,0,189,23,9.7,כן,כן,לא,כן,נדחה,"אי-עמידה בתמא"
AG-2024-0212,מחוז צפון,בקעת הירדן,בית אריזה תות שדה,397,198,0,185.8,757.9,1.5,לא,כן,כן,כן,מאושר,""
AG-2024-0213,מחוז ירושלים,ערבה,חממה,1660,69,0,8.2,596.6,2.1,לא,כן,כן,לא,דרוש תיקון,"מרחק מכביש נמוך; חסר מכתב המלצה לבנייה גדולה"
AG-2024-0214,מחוז ירושלים,שפלה,בית אריזה תות שדה,68,114,0,7.8,73.1,6.8,לא,לא,כן,כן,נדחה,"ייעוד לא חקלאי"
AG-2024-0215,מחוז ירושלים,שרון,מחסן קירור,306,142,0,141.8,441.9,11.1,לא,כן,כן,לא,דרוש תיקון,"גובה מעל 10מ"
AG-2024-0216,מחוז צפון,גולן,כבשייה,601,27,339,96,702.9,7.3,כן,כן,כן,כן,מאושר,""
AG-2024-0217,מחוז ירושלים,בקעת הירדן,סככת ציוד,696,44,0,111.2,276.4,6.2,כן,כן,כן,כן,מאושר,""
AG-2024-0218,מחוז דרום,גולן,בית אריזה תות שדה,374,158,0,8,890.9,9.2,כן,כן,כן,לא,דרוש תיקון,"מרחק מכביש נמוך"
AG-2024-0219,מחוז דרום,חוף הכרמל,מחסן קירור,365,62,0,134.3,787,3.1,כן,כן,כן,לא,מאושר,""
AG-2024-0220,מחוז דרום,גולן,בית בד,276,97,0,11.1,118.2,4.8,לא,כן,לא,לא,נדחה,"אי-עמידה בתמא"
AG-2024-0221,מחוז צפון,בקעת הירדן,אורווה,180,38,13,74.9,45.2,7.4,לא,כן,כן,לא,מאושר,""
AG-2024-0222,מחוז ירושלים,גליל,מחסן קירור,284,116,0,198.6,581,6.8,כן,לא,לא,כן,נדחה,"ייעוד לא חקלאי; אי-עמידה בתמא"
AG-2024-0223,מחוז צפון,נגב,כבשייה,60,14,197,59.1,932.3,10.7,לא,כן,כן,לא,דרוש תיקון,"גובה מעל 10מ"
AG-2024-0224,מחוז דרום,גליל,מחסן קירור,151,30,0,34.1,503.9,10.7,לא,כן,לא,כן,נדחה,"אי-עמידה בתמא"
AG-2024-0225,מחוז תל אביב,שרון,יקב,344,58,0,57.2,954.7,5.9,כן,לא,לא,כן,נדחה,"ייעוד לא חקלאי; אי-עמידה בתמא"
AG-2024-0226,מחוז מרכז,נגב,מחסן קירור,144,195,0,152.1,178.6,6.6,כן,לא,כן,לא,נדחה,"ייעוד לא חקלאי"
AG-2024-0227,מחוז צפון,שפלה,בית אריזה פרחים,178,162,0,24.6,626.1,2.5,כן,כן,כן,כן,מאושר,""
AG-2024-0228,מחוז ירושלים,ערבה,בית אריזה פרחים,468,109,0,23.6,460.3,3.3,כן,כן,כן,לא,מאושר,""
AG-2024-0229,מחוז תל אביב,נגב,יקב,165,12,0,99.8,381.2,9.4,לא,לא,כן,כן,נדחה,"ייעוד לא חקלאי"
AG-2024-0230,מחוז חיפה,עמקים,סככת ציוד,150,15,0,161.2,357.4,5.7,כן,כן,כן,כן,מאושר,""
AG-2024-0231,מחוז דרום,ערבה,סככת ציוד,419,5,0,41.2,699.2,1.8,כן,כן,כן,לא,מאושר,""
AG-2024-0232,מחוז דרום,ערבה,רפת,298,106,181,36.3,816.5,1.5,לא,כן,כן,לא,מאושר,""
AG-2024-0233,מחוז מרכז,גליל,כבשייה,589,53,205,104,148.3,4.2,לא,כן,כן,כן,מאושר,""
AG-2024-0234,מחוז צפון,גולן,לול,572,127,74345,31.2,577.3,8.7,לא,לא,לא,כן,נדחה,"ייעוד לא חקלאי; אי-עמידה בתמא"
AG-2024-0235,מחוז ירושלים,עמקים,יקב,589,101,0,63.7,523.2,3.1,כן,כן,כן,לא,מאושר,""
AG-2024-0236,מחוז ירושלים,עמקים,מכון רדייה,159,108,0,157.3,391.2,11.2,לא,כן,כן,לא,דרוש תיקון,"גובה מעל 10מ"
AG-2024-0237,מחוז ירושלים,גולן,רפת,338,61,242,93.4,525.8,5.6,לא,כן,כן,לא,מאושר,""
AG-2024-0238,מחוז חיפה,גליל,יקב,194,9,0,40.5,560.2,9.4,לא,כן,כן,לא,מאושר,""
AG-2024-0239,מחוז תל אביב,ערבה,חממה,1914,100,0,81.4,576.8,8.3,לא,כן,לא,לא,נדחה,"אי-עמידה בתמא"
AG-2024-0240,מחוז מרכז,חוף הכרמל,סככת ציוד,629,142,0,75.9,35.6,6.9,כן,לא,כן,לא,נדחה,"ייעוד לא חקלאי"
AG-2024-0241,מחוז ירושלים,בקעת הירדן,מחסן חקלאי,715,8,0,187.8,527.8,7.1,לא,כן,כן,כן,מאושר,""
AG-2024-0242,מחוז ירושלים,גליל,חממת קנאביס רפואי,2198,27,0,140.4,737.8,8.1,כן,כן,לא,כן,נדחה,"אי-עמידה בתמא; חממת קנאביס מעל 2000 מ2"
AG-2024-0243,מחוז צפון,חוף הכרמל,יקב,172,99,0,22.5,511.4,2.3,כן,כן,כן,לא,מאושר,""
AG-2024-0244,מחוז תל אביב,נגב,יקב,489,180,0,83.6,749,7.2,לא,כן,כן,לא,מאושר,""
AG-2024-0245,מחוז ירושלים,בקעת הירדן,יקב,202,88,0,125.6,596.4,7.7,כן,כן,כן,כן,מאושר,""
AG-2024-0246,מחוז מרכז,גליל,בית אריזה תות שדה,146,175,0,35.3,629.1,7.2,לא,כן,כן,כן,מאושר,""
AG-2024-0247,מחוז צפון,חוף הכרמל,בית אריזה תות שדה,633,143,0,49,695.6,4.8,לא,כן,לא,כן,נדחה,"אי-עמידה בתמא"
AG-2024-0248,מחוז דרום,גליל,מכון רדייה,593,154,0,147.2,758.5,6.5,כן,לא,לא,לא,נדחה,"ייעוד לא חקלאי; אי-עמידה בתמא"
AG-2024-0249,מחוז מרכז,חוף הכרמל,חממה,1790,100,0,96.8,70.8,3.1,לא,כן,כן,כן,מאושר,""
AG-2024-0250,מחוז תל אביב,חוף הכרמל,מכון רדייה,685,185,0,188.1,242,8.2,כן,כן,כן,כן,מאושר,""
AG-2024-0251,מחוז צפון,חוף הכרמל,לול,646,191,83738,36.4,157,10.1,לא,כן,לא,לא,נדחה,"אי-עמידה בתמא"
AG-2024-0252,מחוז מרכז,נגב,סככת ציוד,431,44,0,142,459.4,7,כן,כן,כן,לא,מאושר,""
AG-2024-0253,מחוז מרכז,בקעת הירדן,בית בד,267,106,0,44.6,934.4,7,כן,כן,לא,כן,נדחה,"אי-עמידה בתמא"
AG-2024-0254,מחוז תל אביב,שרון,בית אריזה,322,187,0,108.6,61.7,3.5,לא,כן,כן,כן,מאושר,""
AG-2024-0255,מחוז דרום,נגב,בית אריזה תות שדה,700,81,0,108,831.9,8,כן,כן,כן,לא,מאושר,""
AG-2024-0256,מחוז ירושלים,ערבה,בית בד,604,63,0,75.4,468.3,1.7,לא,לא,כן,כן,נדחה,"ייעוד לא חקלאי"
AG-2024-0257,מחוז חיפה,נגב,מחסן קירור,152,187,0,85.3,978.1,8.6,לא,לא,כן,לא,נדחה,"ייעוד לא חקלאי"
AG-2024-0258,מחוז תל אביב,נגב,רפת,379,164,115,185,55.1,3.5,לא,כן,לא,לא,נדחה,"אי-עמידה בתמא"
AG-2024-0259,מחוז ירושלים,נגב,יקב,310,133,0,162.4,955.3,5.2,לא,כן,כן,כן,מאושר,""
AG-2024-0260,מחוז צפון,נגב,בית אריזה תות שדה,302,20,0,80.2,875.2,1.6,לא,לא,כן,לא,נדחה,"ייעוד לא חקלאי"
AG-2024-0261,מחוז חיפה,ערבה,חממת קנאביס רפואי,300,9,0,15.8,160.7,5.5,כן,לא,כן,לא,נדחה,"ייעוד לא חקלאי"
AG-2024-0262,מחוז חיפה,גליל,כבשייה,541,31,262,159,119.9,4.8,כן,כן,לא,לא,נדחה,"אי-עמידה בתמא"
AG-2024-0263,מחוז מרכז,חוף הכרמל,מחסן קירור,599,52,0,57.9,822,4,לא,כן,לא,כן,נדחה,"אי-עמידה בתמא"
AG-2024-0264,מחוז ירושלים,שרון,בית אריזה תות שדה,759,58,0,189.2,939.2,2.3,כן,כן,כן,כן,מאושר,""
AG-2024-0265,מחוז חיפה,שפלה,בריכת דגים,104,32,0,73.6,201.3,3.4,לא,כן,כן,כן,מאושר,""
AG-2024-0266,מחוז תל אביב,עמקים,בריכת דגים,481,138,0,143.5,544.7,1.9,כן,כן,לא,כן,נדחה,"אי-עמידה בתמא"
AG-2024-0267,מחוז מרכז,חוף הכרמל,לול,463,104,72310,154.9,309,7,כן,כן,כן,כן,מאושר,""
AG-2024-0268,מחוז ירושלים,עמקים,חממת קנאביס רפואי,1236,164,0,199,781.1,3.8,כן,כן,לא,כן,נדחה,"אי-עמידה בתמא"
AG-2024-0269,מחוז מרכז,נגב,לול,328,28,75449,25.6,619.1,2.4,לא,כן,לא,לא,נדחה,"אי-עמידה בתמא"
AG-2024-0270,מחוז מרכז,חוף הכרמל,חממת קנאביס רפואי,1517,157,0,104.3,656.5,4.3,לא,לא,כן,כן,נדחה,"ייעוד לא חקלאי"
AG-2024-0271,מחוז ירושלים,בקעת הירדן,סככת ציוד,736,190,0,190.4,290,7.4,כן,כן,כן,כן,מאושר,""
AG-2024-0272,מחוז מרכז,שרון,מחסן חקלאי,629,82,0,190.1,804.7,10.4,לא,כן,לא,כן,נדחה,"אי-עמידה בתמא"
AG-2024-0273,מחוז ירושלים,נגב,כבשייה,135,13,493,123,589,9.8,כן,כן,לא,כן,נדחה,"אי-עמידה בתמא"
AG-2024-0274,מחוז דרום,עמקים,חממת קנאביס רפואי,956,195,0,91.2,397.3,7.1,כן,כן,כן,כן,מאושר,""
AG-2024-0275,מחוז תל אביב,נגב,לול,535,25,46031,23.5,97.4,5.8,לא,כן,כן,כן,נדחה,"לול - מרחק ממגורים פחות מ-100מ"
AG-2024-0276,מחוז תל אביב,שרון,אורווה,455,130,6,55.8,654.2,10.8,כן,לא,לא,לא,נדחה,"ייעוד לא חקלאי; אי-עמידה בתמא"
AG-2024-0277,מחוז מרכז,גולן,מחסן חקלאי,329,132,0,170.1,296.1,11.4,לא,כן,לא,כן,נדחה,"אי-עמידה בתמא"
AG-2024-0278,מחוז דרום,ערבה,מחסן חקלאי,59,145,0,25.3,702.9,7.8,לא,לא,כן,לא,נדחה,"ייעוד לא חקלאי"
AG-2024-0279,מחוז ירושלים,נגב,בית אריזה תות שדה,336,25,0,67.8,396.5,10.7,כן,לא,כן,כן,נדחה,"ייעוד לא חקלאי"
AG-2024-0280,מחוז חיפה,גולן,בית אריזה פרחים,33,126,0,52.7,575.7,9.3,לא,כן,כן,כן,מאושר,""
AG-2024-0281,מחוז דרום,בקעת הירדן,רפת,241,7,101,38.6,261.1,6.5,לא,כן,לא,כן,נדחה,"אי-עמידה בתמא"
AG-2024-0282,מחוז ירושלים,ערבה,מחסן חקלאי,790,22,0,53.9,404.1,5.2,לא,כן,כן,לא,מאושר,""
AG-2024-0283,מחוז מרכז,ערבה,בית אריזה,343,73,0,192.4,750.2,2.1,כן,לא,כן,כן,נדחה,"ייעוד לא חקלאי"
AG-2024-0284,מחוז דרום,חוף הכרמל,כבשייה,50,119,455,177.5,38.5,3.8,כן,לא,כן,כן,נדחה,"ייעוד לא חקלאי"
AG-2024-0285,מחוז דרום,גולן,בריכת דגים,67,199,0,160.2,833.5,7.8,כן,כן,כן,לא,מאושר,""
AG-2024-0286,מחוז תל אביב,גליל,בית אריזה תות שדה,707,199,0,43.9,405.6,2.8,כן,כן,כן,כן,מאושר,""
AG-2024-0287,מחוז ירושלים,שפלה,יקב,212,46,0,141.7,774.1,9.5,לא,כן,לא,כן,נדחה,"אי-עמידה בתמא"
AG-2024-0288,מחוז צפון,גליל,בית בד,520,197,0,161.1,309.9,9.8,כן,לא,כן,לא,נדחה,"ייעוד לא חקלאי"
AG-2024-0289,מחוז מרכז,גליל,בית אריזה,355,26,0,106.1,879.5,11.3,לא,כן,כן,לא,דרוש תיקון,"גובה מעל 10מ"
AG-2024-0290,מחוז מרכז,ערבה,מחסן חקלאי,208,78,0,163.9,832.5,7.1,כן,כן,כן,לא,מאושר,""
AG-2024-0291,מחוז מרכז,שפלה,מחסן חקלאי,342,69,0,67.3,907.3,10.5,כן,לא,כן,כן,נדחה,"ייעוד לא חקלאי"
AG-2024-0292,מחוז מרכז,ערבה,רפת,431,69,263,114.6,196.8,10.2,כן,לא,כן,כן,נדחה,"ייעוד לא חקלאי"
AG-2024-0293,מחוז ירושלים,ערבה,בית אריזה תות שדה,466,20,0,87.7,517.5,10.2,לא,לא,כן,כן,נדחה,"ייעוד לא חקלאי"
AG-2024-0294,מחוז חיפה,ערבה,מכון רדייה,385,149,0,99.3,345.6,6.6,כן,כן,כן,כן,מאושר,""
AG-2024-0295,מחוז ירושלים,גליל,מכון רדייה,1073,11,0,189.6,774.5,7.4,כן,לא,כן,לא,נדחה,"ייעוד לא חקלאי"
AG-2024-0296,מחוז ירושלים,חוף הכרמל,רפת,497,83,130,163.7,693.6,5.2,כן,לא,כן,כן,נדחה,"ייעוד לא חקלאי"
AG-2024-0297,מחוז דרום,ערבה,אורווה,419,98,10,180.2,43.1,2.6,לא,כן,לא,כן,נדחה,"אי-עמידה בתמא"
AG-2024-0298,מחוז חיפה,ערבה,בית אריזה תות שדה,455,86,0,126.7,103.3,7.4,כן,כן,לא,לא,נדחה,"אי-עמידה בתמא"
AG-2024-0299,מחוז חיפה,חוף הכרמל,בית אריזה תות שדה,78,175,0,44.2,185.6,6.2,לא,כן,כן,לא,מאושר,""
AG-2024-0300,מחוז תל אביב,בקעת הירדן,בית אריזה,557,118,0,52.8,253.2,3.3,לא,כן,כן,כן,מאושר,""
AG-2024-0301,מחוז תל אביב,בקעת הירדן,אורווה,84,62,21,18.7,133.5,2,לא,כן,כן,לא,מאושר,""
AG-2024-0302,מחוז מרכז,גליל,מחסן חקלאי,268,62,0,143,380,3.8,כן,כן,כן,לא,מאושר,""
AG-2024-0303,מחוז צפון,בקעת הירדן,מכון רדייה,749,47,0,66.9,806.2,5.7,לא,כן,כן,כן,מאושר,""
AG-2024-0304,מחוז צפון,שפלה,בית אריזה תות שדה,209,93,0,169.9,571.9,5.3,כן,לא,כן,כן,נדחה,"ייעוד לא חקלאי"
AG-2024-0305,מחוז חיפה,חוף הכרמל,בית בד,78,84,0,199.8,190,8,כן,כן,כן,לא,מאושר,""
AG-2024-0306,מחוז מרכז,בקעת הירדן,בית אריזה תות שדה,633,49,0,191.1,700,9.2,לא,לא,כן,לא,נדחה,"ייעוד לא חקלאי"
AG-2024-0307,מחוז דרום,בקעת הירדן,בית אריזה פרחים,596,95,0,45.2,602,7.7,כן,לא,כן,לא,נדחה,"ייעוד לא חקלאי"
AG-2024-0308,מחוז מרכז,שפלה,חממה,611,197,0,93.9,296.8,6.7,לא,כן,כן,כן,מאושר,""
AG-2024-0309,מחוז ירושלים,שפלה,אורווה,183,77,23,53.7,948.3,6.3,כן,לא,כן,כן,נדחה,"ייעוד לא חקלאי"
AG-2024-0310,מחוז דרום,בקעת הירדן,בריכת דגים,753,155,0,83,994.3,7.1,לא,כן,כן,לא,מאושר,""
AG-2024-0311,מחוז מרכז,ערבה,בריכת דגים,717,128,0,16.4,284,5.5,לא,כן,כן,לא,מאושר,""
AG-2024-0312,מחוז ירושלים,שפלה,סככת ציוד,337,139,0,60.8,608.1,7.5,כן,לא,כן,לא,נדחה,"ייעוד לא חקלאי"
AG-2024-0313,מחוז דרום,גולן,רפת,462,186,273,163.1,130.5,3.6,לא,כן,כן,לא,מאושר,""
AG-2024-0314,מחוז מרכז,ערבה,רפת,570,106,130,142.6,524.6,5,לא,כן,לא,כן,נדחה,"אי-עמידה בתמא"
AG-2024-0315,מחוז ירושלים,שפלה,מחסן חקלאי,329,158,0,146.2,87,11,כן,כן,כן,כן,דרוש תיקון,"גובה מעל 10מ"
AG-2024-0316,מחוז חיפה,בקעת הירדן,בית אריזה תות שדה,339,58,0,93.1,927.1,5.7,לא,כן,לא,כן,נדחה,"אי-עמידה בתמא"
AG-2024-0317,מחוז ירושלים,נגב,בית אריזה,45,157,0,197.4,210.4,5.3,כן,כן,כן,כן,מאושר,""
AG-2024-0318,מחוז מרכז,שפלה,מכון רדייה,218,154,0,163.7,24.6,5.9,כן,כן,לא,כן,נדחה,"אי-עמידה בתמא"
AG-2024-0319,מחוז דרום,שרון,מכון רדייה,696,23,0,77.5,379.8,2.2,לא,כן,לא,לא,נדחה,"אי-עמידה בתמא"
AG-2024-0320,מחוז דרום,שרון,בית אריזה,756,66,0,154.8,213.5,8.1,כן,כן,לא,לא,נדחה,"אי-עמידה בתמא"
AG-2024-0321,מחוז חיפה,עמקים,בית אריזה,83,27,0,56.8,73.6,10.5,לא,כן,כן,לא,דרוש תיקון,"גובה מעל 10מ"
AG-2024-0322,מחוז תל אביב,גליל,חממה,1894,155,0,108.8,815.4,3,לא,כן,לא,לא,נדחה,"אי-עמידה בתמא"
AG-2024-0323,מחוז מרכז,גולן,בית אריזה תות שדה,776,88,0,45.2,149.5,9.1,כן,לא,כן,כן,נדחה,"ייעוד לא חקלאי"
AG-2024-0324,מחוז צפון,שרון,בית אריזה,254,79,0,161.7,317.5,10.1,כן,כן,כן,לא,דרוש תיקון,"גובה מעל 10מ"
AG-2024-0325,מחוז תל אביב,שפלה,מחסן קירור,745,153,0,125.2,266,7.5,כן,כן,כן,כן,מאושר,""
AG-2024-0326,מחוז דרום,ערבה,יקב,86,83,0,106.3,302.9,2.2,כן,כן,לא,לא,נדחה,"אי-עמידה בתמא"
AG-2024-0327,מחוז דרום,שפלה,מכון רדייה,254,183,0,167.1,803.4,8.8,כן,כן,כן,לא,מאושר,""
AG-2024-0328,מחוז תל אביב,שפלה,כבשייה,576,173,239,194.2,601,1.8,לא,כן,כן,לא,מאושר,""
AG-2024-0329,מחוז מרכז,חוף הכרמל,בית אריזה תות שדה,182,172,0,151.1,634.9,8.9,כן,כן,כן,לא,מאושר,""
AG-2024-0330,מחוז ירושלים,נגב,רפת,447,136,330,27.1,201.5,5.5,כן,כן,לא,כן,נדחה,"אי-עמידה בתמא"
AG-2024-0331,מחוז מרכז,ערבה,רפת,480,24,314,165.5,212.7,2,כן,כן,כן,לא,מאושר,""
AG-2024-0332,מחוז תל אביב,בקעת הירדן,סככת ציוד,166,159,0,33.5,339.2,2.6,כן,לא,כן,לא,נדחה,"ייעוד לא חקלאי"
AG-2024-0333,מחוז מרכז,גולן,מכון רדייה,568,94,0,181.2,102.7,9.6,כן,לא,כן,כן,נדחה,"ייעוד לא חקלאי"
AG-2024-0334,מחוז מרכז,ערבה,חממת קנאביס רפואי,1305,136,0,63.2,211.6,7.4,כן,כן,לא,כן,נדחה,"אי-עמידה בתמא"
AG-2024-0335,מחוז תל אביב,ערבה,כבשייה,305,111,197,199.7,695.4,1.9,כן,כן,כן,כן,מאושר,""
AG-2024-0336,מחוז מרכז,ערבה,בריכת דגים,408,190,0,93.6,401.7,9.7,לא,כן,כן,לא,מאושר,""
AG-2024-0337,מחוז צפון,נגב,חממת קנאביס רפואי,1687,154,0,111.7,917.3,11.4,כן,כן,לא,כן,נדחה,"אי-עמידה בתמא"
AG-2024-0338,מחוז צפון,נגב,מכון רדייה,492,168,0,45.4,470.2,7.8,כן,כן,לא,לא,נדחה,"אי-עמידה בתמא"
AG-2024-0339,מחוז דרום,ערבה,בית בד,271,36,0,78.8,819.5,6.1,כן,כן,לא,לא,נדחה,"אי-עמידה בתמא"
AG-2024-0340,מחוז חיפה,בקעת הירדן,בית אריזה תות שדה,115,127,0,45.8,44.7,8.1,לא,כן,כן,כן,מאושר,""
AG-2024-0341,מחוז מרכז,ערבה,רפת,543,74,313,133.2,318.3,8.9,כן,לא,כן,לא,נדחה,"ייעוד לא חקלאי"
AG-2024-0342,מחוז דרום,גולן,יקב,341,56,0,154.4,804.9,9,כן,לא,כן,לא,נדחה,"ייעוד לא חקלאי"
AG-2024-0343,מחוז דרום,נגב,בית בד,141,65,0,6.3,598.5,3.9,לא,לא,לא,לא,נדחה,"ייעוד לא חקלאי; אי-עמידה בתמא"
AG-2024-0344,מחוז מרכז,גולן,אורווה,328,21,5,119.4,27.3,3.5,לא,כן,כן,כן,מאושר,""
AG-2024-0345,מחוז ירושלים,שרון,כבשייה,249,122,67,132.6,963.4,6,לא,כן,לא,לא,נדחה,"אי-עמידה בתמא"
AG-2024-0346,מחוז חיפה,שפלה,בית אריזה פרחים,662,174,0,190.1,918.4,11.2,לא,כן,כן,לא,דרוש תיקון,"גובה מעל 10מ"
AG-2024-0347,מחוז חיפה,שרון,רפת,553,92,307,36.6,406.1,3.4,לא,כן,כן,לא,מאושר,""
AG-2024-0348,מחוז צפון,גולן,מכון רדייה,113,196,0,184.3,62.4,5.2,כן,כן,כן,לא,מאושר,""
AG-2024-0349,מחוז מרכז,עמקים,רפת,277,125,218,137.1,164.7,10.3,לא,לא,כן,לא,נדחה,"ייעוד לא חקלאי"
AG-2024-0350,מחוז חיפה,בקעת הירדן,בריכת דגים,652,67,0,171.8,646.5,3.7,כן,כן,כן,לא,מאושר,""
AG-2024-0351,מחוז תל אביב,חוף הכרמל,מחסן קירור,300,61,0,195.8,856.7,2.2,לא,כן,לא,לא,נדחה,"אי-עמידה בתמא"
AG-2024-0352,מחוז צפון,גליל,יקב,751,8,0,151.3,644.2,1.7,לא,כן,כן,לא,מאושר,""
AG-2024-0353,מחוז ירושלים,גליל,בית בד,496,117,0,99.9,108.3,10.3,כן,לא,כן,לא,נדחה,"ייעוד לא חקלאי"
AG-2024-0354,מחוז ירושלים,חוף הכרמל,מחסן קירור,719,188,0,56.9,768.3,5.2,כן,כן,כן,לא,מאושר,""
AG-2024-0355,מחוז חיפה,ערבה,בריכת דגים,508,98,0,37.7,62.9,6.6,לא,לא,כן,כן,נדחה,"ייעוד לא חקלאי"
AG-2024-0356,מחוז מרכז,שרון,כבשייה,243,55,430,108.1,978.9,10.1,כן,כן,כן,כן,דרוש תיקון,"גובה מעל 10מ"
AG-2024-0357,מחוז מרכז,עמקים,בריכת דגים,727,142,0,138.5,400.1,6.6,לא,לא,לא,כן,נדחה,"ייעוד לא חקלאי; אי-עמידה בתמא"
AG-2024-0358,מחוז צפון,שרון,בית אריזה פרחים,538,150,0,63.3,196.5,5.7,כן,כן,כן,לא,מאושר,""
AG-2024-0359,מחוז מרכז,גליל,מכון רדייה,660,185,0,182.1,388.8,7.2,כן,כן,לא,כן,נדחה,"אי-עמידה בתמא"
AG-2024-0360,מחוז ירושלים,חוף הכרמל,מכון רדייה,151,22,0,161.2,598.1,5.6,כן,כן,כן,לא,מאושר,""
AG-2024-0361,מחוז חיפה,שרון,אורווה,696,10,21,198.4,169.5,6.5,לא,כן,לא,כן,נדחה,"אי-עמידה בתמא"
AG-2024-0362,מחוז דרום,בקעת הירדן,אורווה,344,99,29,73.8,345,1.6,כן,לא,לא,כן,נדחה,"ייעוד לא חקלאי; אי-עמידה בתמא"
AG-2024-0363,מחוז דרום,שפלה,רפת,358,45,169,88.8,823.9,6,כן,כן,כן,לא,מאושר,""
AG-2024-0364,מחוז תל אביב,שרון,מכון רדייה,960,111,0,123.1,793.4,9.6,לא,לא,לא,לא,נדחה,"ייעוד לא חקלאי; אי-עמידה בתמא"
AG-2024-0365,מחוז חיפה,גליל,בית אריזה,385,53,0,12.3,355.6,4.9,לא,כן,כן,כן,מאושר,""
AG-2024-0366,מחוז תל אביב,שפלה,לול,427,80,2297,124.7,201.2,2.8,לא,כן,כן,לא,דרוש תיקון,"לול - מרחק ממגורים בין 100-300מ"
AG-2024-0367,מחוז חיפה,שרון,אורווה,248,180,24,115.8,256.6,4.3,כן,כן,כן,לא,מאושר,""
AG-2024-0368,מחוז מרכז,שרון,מחסן קירור,752,7,0,57.7,708.4,6.9,כן,כן,לא,כן,נדחה,"אי-עמידה בתמא"
AG-2024-0369,מחוז חיפה,ערבה,רפת,598,103,142,125.5,233.6,8.2,לא,כן,כן,כן,מאושר,""
AG-2024-0370,מחוז דרום,נגב,אורווה,44,193,8,74.1,272,10.3,כן,כן,לא,כן,נדחה,"אי-עמידה בתמא"
AG-2024-0371,מחוז מרכז,עמקים,יקב,196,11,0,170.9,397.8,6.5,לא,כן,כן,לא,מאושר,""
AG-2024-0372,מחוז תל אביב,חוף הכרמל,אורווה,726,179,29,119.8,263.2,7.2,כן,לא,לא,לא,נדחה,"ייעוד לא חקלאי; אי-עמידה בתמא"
AG-2024-0373,מחוז ירושלים,שפלה,סככת ציוד,399,32,0,109.3,922.6,8.2,לא,כן,כן,לא,מאושר,""
AG-2024-0374,מחוז דרום,חוף הכרמל,חממת קנאביס רפואי,2089,143,0,114.2,280.4,8.2,כן,כן,כן,לא,נדחה,"חממת קנאביס מעל 2000 מ2"
AG-2024-0375,מחוז צפון,בקעת הירדן,רפת,491,147,200,65.8,404.2,8.2,כן,לא,כן,לא,נדחה,"ייעוד לא חקלאי"
AG-2024-0376,מחוז תל אביב,נגב,רפת,239,83,284,56.6,334.5,2,כן,כן,לא,לא,נדחה,"אי-עמידה בתמא"
AG-2024-0377,מחוז מרכז,בקעת הירדן,חממת קנאביס רפואי,914,11,0,139.6,90.7,10.7,לא,כן,כן,כן,דרוש תיקון,"גובה מעל 10מ"
AG-2024-0378,מחוז חיפה,עמקים,בית אריזה,170,14,0,40,794.6,5,לא,כן,כן,לא,מאושר,""
AG-2024-0379,מחוז תל אביב,עמקים,לול,325,5,32428,142.7,823.5,11.5,כן,לא,כן,לא,נדחה,"ייעוד לא חקלאי"
AG-2024-0380,מחוז חיפה,גליל,חממת קנאביס רפואי,2129,87,0,119.2,940.9,3.4,כן,לא,לא,לא,נדחה,"ייעוד לא חקלאי; אי-עמידה בתמא; חממת קנאביס מעל 2000 מ2"
AG-2024-0381,מחוז צפון,חוף הכרמל,לול,392,86,73020,12.6,780.9,10.7,לא,כן,לא,כן,נדחה,"אי-עמידה בתמא"
AG-2024-0382,מחוז תל אביב,נגב,חממת קנאביס רפואי,585,137,0,14.6,221.7,10.3,כן,כן,כן,כן,דרוש תיקון,"גובה מעל 10מ"
AG-2024-0383,מחוז צפון,חוף הכרמל,בית אריזה תות שדה,333,39,0,15.7,153.3,2.2,כן,לא,כן,לא,נדחה,"ייעוד לא חקלאי"
AG-2024-0384,מחוז חיפה,ערבה,כבשייה,522,176,492,174.7,883.2,5,כן,כן,כן,כן,מאושר,""
AG-2024-0385,מחוז דרום,גליל,מכון רדייה,194,93,0,30,323.1,1.6,לא,כן,לא,כן,נדחה,"אי-עמידה בתמא"
AG-2024-0386,מחוז תל אביב,נגב,בית אריזה פרחים,708,18,0,15,701.9,11.4,כן,כן,כן,לא,דרוש תיקון,"גובה מעל 10מ"
AG-2024-0387,מחוז חיפה,שרון,רפת,299,137,69,119.3,566.2,10.2,כן,לא,כן,כן,נדחה,"ייעוד לא חקלאי"
AG-2024-0388,מחוז דרום,בקעת הירדן,בית אריזה פרחים,497,32,0,97.8,164,5.8,לא,כן,כן,כן,מאושר,""
AG-2024-0389,מחוז חיפה,נגב,יקב,138,120,0,192.3,241.5,5.9,כן,כן,לא,לא,נדחה,"אי-עמידה בתמא"
AG-2024-0390,מחוז תל אביב,חוף הכרמל,חממת קנאביס רפואי,825,174,0,38,575.3,7.9,לא,לא,כן,כן,נדחה,"ייעוד לא חקלאי"
AG-2024-0391,מחוז ירושלים,חוף הכרמל,בית בד,357,161,0,66,494.8,3.5,לא,כן,כן,לא,מאושר,""
AG-2024-0392,מחוז תל אביב,בקעת הירדן,לול,524,19,59522,198.9,501.7,2.3,לא,כן,לא,לא,נדחה,"אי-עמידה בתמא"
AG-2024-0393,מחוז תל אביב,עמקים,לול,610,95,48777,187.6,207.7,3.2,לא,כן,כן,כן,דרוש תיקון,"לול - מרחק ממגורים בין 100-300מ"
AG-2024-0394,מחוז ירושלים,בקעת הירדן,חממה,708,132,0,28.8,426.2,2.4,לא,כן,כן,כן,מאושר,""
AG-2024-0395,מחוז דרום,גליל,מחסן קירור,59,154,0,194,357.6,9.3,כן,כן,כן,לא,מאושר,""
AG-2024-0396,מחוז צפון,חוף הכרמל,בריכת דגים,403,93,0,28.8,235.9,5.9,לא,כן,כן,כן,מאושר,""
AG-2024-0397,מחוז ירושלים,שפלה,בית בד,321,79,0,124,712.7,9.2,כן,לא,לא,כן,נדחה,"ייעוד לא חקלאי; אי-עמידה בתמא"
AG-2024-0398,מחוז צפון,שפלה,חממה,2074,155,0,124.1,338.9,10.3,לא,לא,לא,כן,נדחה,"ייעוד לא חקלאי; אי-עמידה בתמא"
AG-2024-0399,מחוז ירושלים,בקעת הירדן,בית אריזה,119,93,0,6.1,815,9.2,לא,לא,לא,לא,נדחה,"ייעוד לא חקלאי; אי-עמידה בתמא"
AG-2024-0400,מחוז מרכז,בקעת הירדן,רפת,415,100,158,118.9,773.6,2,לא,כן,כן,לא,מאושר,""
AG-2024-0401,מחוז צפון,נגב,אורווה,569,177,15,14.9,506.8,4.1,כן,כן,כן,כן,מאושר,""
AG-2024-0402,מחוז צפון,שרון,חממת קנאביס רפואי,1995,16,0,60,534.9,6.7,כן,לא,כן,לא,נדחה,"ייעוד לא חקלאי"
AG-2024-0403,מחוז חיפה,שרון,אורווה,274,33,16,116.7,555.4,6.2,לא,כן,לא,לא,נדחה,"אי-עמידה בתמא"
AG-2024-0404,מחוז דרום,שפלה,יקב,90,27,0,137.8,987.9,6.3,כן,לא,כן,לא,נדחה,"ייעוד לא חקלאי"
AG-2024-0405,מחוז צפון,גולן,מחסן קירור,389,107,0,10,538.6,10.1,כן,כן,כן,לא,דרוש תיקון,"גובה מעל 10מ"
AG-2024-0406,מחוז תל אביב,בקעת הירדן,רפת,427,168,280,199.8,722.4,5.6,כן,כן,לא,לא,נדחה,"אי-עמידה בתמא"
AG-2024-0407,מחוז חיפה,שפלה,כבשייה,304,48,172,105,874.3,6.8,כן,כן,כן,כן,מאושר,""
AG-2024-0408,מחוז דרום,ערבה,חממה,1894,175,0,112,240.8,1.8,לא,כן,לא,כן,נדחה,"אי-עמידה בתמא"
AG-2024-0409,מחוז תל אביב,שפלה,חממה,609,129,0,165.9,640.9,3.5,לא,כן,לא,כן,נדחה,"אי-עמידה בתמא"
AG-2024-0410,מחוז דרום,גולן,חממת קנאביס רפואי,2092,126,0,165.7,622.7,2.5,כן,כן,לא,כן,נדחה,"אי-עמידה בתמא; חממת קנאביס מעל 2000 מ2"
AG-2024-0411,מחוז חיפה,נגב,בריכת דגים,555,111,0,131.2,646.1,3.7,כן,כן,כן,לא,מאושר,""
AG-2024-0412,מחוז חיפה,שרון,בריכת דגים,101,102,0,56,191.2,10.9,לא,כן,כן,כן,דרוש תיקון,"גובה מעל 10מ"
AG-2024-0413,מחוז צפון,ערבה,בית אריזה פרחים,428,187,0,152.2,775.1,7.5,לא,כן,לא,לא,נדחה,"אי-עמידה בתמא"
AG-2024-0414,מחוז ירושלים,גליל,מכון רדייה,520,43,0,93.9,818.5,7.1,כן,כן,לא,לא,נדחה,"אי-עמידה בתמא"
AG-2024-0415,מחוז צפון,עמקים,אורווה,217,27,26,84.1,34.6,4.5,כן,לא,כן,לא,נדחה,"ייעוד לא חקלאי"
AG-2024-0416,מחוז תל אביב,גולן,בריכת דגים,586,63,0,62.6,358.2,4.9,לא,לא,כן,לא,נדחה,"ייעוד לא חקלאי"
AG-2024-0417,מחוז ירושלים,נגב,מחסן קירור,552,181,0,161.5,476.6,8.9,כן,כן,כן,לא,מאושר,""
AG-2024-0418,מחוז תל אביב,שפלה,חממת קנאביס רפואי,1932,198,0,77.1,349.7,2.6,כן,כן,לא,לא,נדחה,"אי-עמידה בתמא"
AG-2024-0419,מחוז ירושלים,שרון,מחסן חקלאי,430,160,0,77,843.5,2.7,כן,כן,כן,כן,מאושר,""
AG-2024-0420,מחוז ירושלים,עמקים,בית אריזה תות שדה,421,74,0,69.3,195.9,4.2,כן,לא,כן,כן,נדחה,"ייעוד לא חקלאי"
AG-2024-0421,מחוז מרכז,שפלה,מכון רדייה,752,61,0,178.3,308.5,5,לא,כן,לא,כן,נדחה,"אי-עמידה בתמא"
AG-2024-0422,מחוז חיפה,גולן,מחסן חקלאי,488,5,0,58.1,748.1,4.4,כן,כן,כן,לא,מאושר,""
AG-2024-0423,מחוז ירושלים,בקעת הירדן,יקב,374,27,0,92.2,460.4,3.6,לא,כן,כן,כן,מאושר,""
AG-2024-0424,מחוז מרכז,נגב,בית אריזה תות שדה,82,27,0,182.1,538.4,3,כן,כן,כן,לא,מאושר,""
AG-2024-0425,מחוז תל אביב,עמקים,בית אריזה,170,10,0,74.7,270.4,3,כן,כן,כן,לא,מאושר,""
AG-2024-0426,מחוז דרום,עמקים,לול,346,74,55859,162,896,5.8,כן,כן,כן,לא,מאושר,""
AG-2024-0427,מחוז חיפה,עמקים,חממת קנאביס רפואי,2070,174,0,82.3,557.4,9.5,לא,כן,כן,לא,נדחה,"חממת קנאביס מעל 2000 מ2"
AG-2024-0428,מחוז חיפה,גליל,כבשייה,103,6,450,36.8,27.8,9.6,לא,לא,כן,כן,נדחה,"ייעוד לא חקלאי"
AG-2024-0429,מחוז מרכז,חוף הכרמל,בית בד,344,62,0,14.4,79.9,7.8,כן,כן,כן,כן,מאושר,""
AG-2024-0430,מחוז חיפה,שפלה,לול,635,196,51971,40,641.1,7.3,לא,כן,כן,לא,מאושר,""
AG-2024-0431,מחוז דרום,עמקים,רפת,696,9,283,70.9,194.9,8.4,כן,כן,כן,לא,מאושר,""
AG-2024-0432,מחוז חיפה,בקעת הירדן,רפת,297,33,177,28.3,939.2,9.7,לא,לא,כן,לא,נדחה,"ייעוד לא חקלאי"
AG-2024-0433,מחוז מרכז,גולן,רפת,697,121,108,169.8,415.2,2.2,לא,כן,כן,כן,מאושר,""
AG-2024-0434,מחוז דרום,חוף הכרמל,יקב,231,119,0,147.5,825.4,5.2,כן,כן,כן,כן,מאושר,""
AG-2024-0435,מחוז מרכז,גליל,חממת קנאביס רפואי,1230,189,0,125.3,127.5,11.4,כן,כן,כן,לא,דרוש תיקון,"גובה מעל 10מ; חסר מכתב המלצה לבנייה גדולה"
AG-2024-0436,מחוז מרכז,גליל,בית אריזה,99,66,0,60.6,91.2,2.2,לא,לא,לא,כן,נדחה,"ייעוד לא חקלאי; אי-עמידה בתמא"
AG-2024-0437,מחוז חיפה,שרון,חממה,622,24,0,115,163.9,6.3,לא,כן,כן,כן,מאושר,""
AG-2024-0438,מחוז ירושלים,נגב,כבשייה,31,55,327,39.5,272.7,3.1,כן,כן,כן,כן,מאושר,""
AG-2024-0439,מחוז דרום,שרון,מכון רדייה,470,32,0,179.6,713.6,4.8,כן,לא,כן,כן,נדחה,"ייעוד לא חקלאי"
AG-2024-0440,מחוז מרכז,גולן,חממה,508,69,0,179.1,927,9,כן,לא,כן,לא,נדחה,"ייעוד לא חקלאי"
AG-2024-0441,מחוז דרום,גליל,בית בד,383,157,0,35.3,989.8,8.9,כן,כן,לא,כן,נדחה,"אי-עמידה בתמא"
AG-2024-0442,מחוז ירושלים,שפלה,לול,506,57,88743,64.8,573.8,4.3,לא,לא,לא,לא,נדחה,"ייעוד לא חקלאי; אי-עמידה בתמא"
AG-2024-0443,מחוז חיפה,גליל,בית אריזה תות שדה,360,115,0,58.8,615.2,8,כן,כן,כן,לא,מאושר,""
AG-2024-0444,מחוז דרום,חוף הכרמל,בית אריזה תות שדה,449,181,0,46.7,321.4,2.3,כן,כן,לא,כן,נדחה,"אי-עמידה בתמא"
AG-2024-0445,מחוז חיפה,עמקים,חממת קנאביס רפואי,318,120,0,92.6,887.8,2.4,כן,כן,כן,כן,מאושר,""
AG-2024-0446,מחוז תל אביב,עמקים,בית בד,99,88,0,128.4,144.3,1.8,כן,כן,לא,כן,נדחה,"אי-עמידה בתמא"
AG-2024-0447,מחוז תל אביב,גולן,רפת,534,145,272,97,886.3,3.5,לא,לא,כן,כן,נדחה,"ייעוד לא חקלאי"
AG-2024-0448,מחוז תל אביב,ערבה,חממה,626,88,0,179.2,827.6,4.9,לא,כן,כן,לא,מאושר,""
AG-2024-0449,מחוז ירושלים,בקעת הירדן,בית אריזה תות שדה,635,183,0,21.3,365.2,6,כן,כן,כן,לא,מאושר,""
AG-2024-0450,מחוז חיפה,שפלה,מחסן חקלאי,522,127,0,189.9,983.6,4.1,כן,כן,כן,כן,מאושר,""
AG-2024-0451,מחוז צפון,ערבה,אורווה,692,83,21,111.4,585.7,5.1,כן,לא,לא,לא,נדחה,"ייעוד לא חקלאי; אי-עמידה בתמא"
AG-2024-0452,מחוז תל אביב,שפלה,מחסן קירור,672,112,0,166.2,784.3,3.5,לא,כן,לא,לא,נדחה,"אי-עמידה בתמא"
AG-2024-0453,מחוז דרום,גולן,סככת ציוד,115,24,0,32.7,505.3,10.7,לא,כן,כן,כן,דרוש תיקון,"גובה מעל 10מ"
AG-2024-0454,מחוז ירושלים,ערבה,מחסן קירור,654,140,0,74.6,977.2,7.8,לא,כן,לא,לא,נדחה,"אי-עמידה בתמא"
AG-2024-0455,מחוז ירושלים,גולן,סככת ציוד,251,114,0,169.2,462.1,4.8,כן,לא,כן,לא,נדחה,"ייעוד לא חקלאי"
AG-2024-0456,מחוז חיפה,נגב,חממת קנאביס רפואי,765,13,0,173.4,365,6.5,כן,כן,כן,כן,מאושר,""
AG-2024-0457,מחוז מרכז,גליל,לול,344,126,16564,12.5,467.5,1.9,כן,לא,כן,לא,נדחה,"ייעוד לא חקלאי"
AG-2024-0458,מחוז תל אביב,ערבה,מחסן קירור,692,8,0,160.4,136.8,10.8,לא,כן,כן,כן,דרוש תיקון,"גובה מעל 10מ"
AG-2024-0459,מחוז תל אביב,שפלה,בית אריזה תות שדה,161,78,0,66.8,529.7,2.6,כן,כן,כן,כן,מאושר,""
AG-2024-0460,מחוז צפון,גליל,בית בד,185,158,0,186.2,370.4,7.6,לא,כן,כן,כן,מאושר,""
AG-2024-0461,מחוז מרכז,נגב,חממת קנאביס רפואי,1138,182,0,65.7,709.9,2.3,כן,כן,כן,לא,דרוש תיקון,"חסר מכתב המלצה לבנייה גדולה"
AG-2024-0462,מחוז דרום,גליל,רפת,371,5,115,57.5,668.7,5.8,כן,כן,לא,לא,נדחה,"אי-עמידה בתמא"
AG-2024-0463,מחוז ירושלים,גולן,רפת,560,130,105,96.7,20.1,5.9,לא,כן,לא,לא,נדחה,"אי-עמידה בתמא"
AG-2024-0464,מחוז ירושלים,גליל,חממת קנאביס רפואי,994,27,0,66.5,688.7,4.2,כן,כן,כן,כן,מאושר,""
AG-2024-0465,מחוז חיפה,ערבה,לול,604,136,42767,61.9,547.8,3.5,כן,כן,כן,כן,מאושר,""
AG-2024-0466,מחוז דרום,שרון,רפת,663,160,143,39.1,58.2,8.8,לא,כן,כן,כן,מאושר,""
AG-2024-0467,מחוז צפון,חוף הכרמל,בית בד,733,90,0,124.5,589.5,4.3,כן,כן,כן,כן,מאושר,""
AG-2024-0468,מחוז מרכז,שרון,חממת קנאביס רפואי,1031,85,0,104.9,427.5,6.6,לא,כן,כן,לא,דרוש תיקון,"חסר מכתב המלצה לבנייה גדולה"
AG-2024-0469,מחוז תל אביב,נגב,אורווה,268,177,18,182.5,927.6,7.3,כן,כן,כן,כן,מאושר,""
AG-2024-0470,מחוז דרום,עמקים,יקב,150,97,0,177.2,561.4,7.6,כן,כן,כן,לא,מאושר,""
AG-2024-0471,מחוז צפון,שרון,חממת קנאביס רפואי,1375,169,0,129.2,783.5,9.6,כן,לא,כן,לא,נדחה,"ייעוד לא חקלאי"
AG-2024-0472,מחוז דרום,בקעת הירדן,בריכת דגים,300,159,0,152.1,140.4,8.5,לא,כן,כן,כן,מאושר,""
AG-2024-0473,מחוז ירושלים,גליל,אורווה,415,39,9,6.8,207.8,8,כן,כן,כן,לא,דרוש תיקון,"מרחק מכביש נמוך"
AG-2024-0474,מחוז דרום,בקעת הירדן,בית אריזה,498,161,0,20.3,796.9,9.5,כן,לא,כן,לא,נדחה,"ייעוד לא חקלאי"
AG-2024-0475,מחוז תל אביב,שרון,יקב,326,37,0,160.1,637.6,8.1,לא,כן,כן,כן,מאושר,""
AG-2024-0476,מחוז צפון,שרון,בית אריזה פרחים,196,191,0,48,590.3,4.5,לא,כן,כן,לא,מאושר,""
AG-2024-0477,מחוז מרכז,בקעת הירדן,לול,630,185,49940,73.9,266,4.8,כן,כן,לא,כן,נדחה,"אי-עמידה בתמא"
AG-2024-0478,מחוז חיפה,שרון,חממה,1329,12,0,187.7,695.5,5.9,לא,כן,כן,לא,דרוש תיקון,"חסר מכתב המלצה לבנייה גדולה"
AG-2024-0479,מחוז דרום,ערבה,בית בד,711,41,0,58.2,753.1,11.4,לא,לא,כן,כן,נדחה,"ייעוד לא חקלאי"
AG-2024-0480,מחוז מרכז,חוף הכרמל,בריכת דגים,256,12,0,157.9,397.6,7.3,כן,כן,כן,לא,מאושר,""
AG-2024-0481,מחוז צפון,שרון,לול,487,20,32690,108.6,708,2.3,לא,כן,לא,כן,נדחה,"אי-עמידה בתמא"
AG-2024-0482,מחוז דרום,נגב,בית אריזה,757,196,0,73.2,147.1,9.4,לא,כן,לא,לא,נדחה,"אי-עמידה בתמא"
AG-2024-0483,מחוז דרום,עמקים,חממת קנאביס רפואי,1632,162,0,146.5,190.8,5.5,לא,לא,כן,כן,נדחה,"ייעוד לא חקלאי"
AG-2024-0484,מחוז ירושלים,שפלה,חממת קנאביס רפואי,1752,75,0,72.9,725.6,9.2,כן,כן,כן,כן,מאושר,""
AG-2024-0485,מחוז חיפה,ערבה,אורווה,64,64,9,78.4,928.2,5.1,כן,לא,כן,לא,נדחה,"ייעוד לא חקלאי"
AG-2024-0486,מחוז חיפה,שפלה,בית אריזה תות שדה,424,168,0,112.5,156.9,9.7,לא,כן,כן,לא,מאושר,""
AG-2024-0487,מחוז ירושלים,גליל,יקב,796,123,0,37.6,101.2,10.7,לא,כן,כן,כן,דרוש תיקון,"גובה מעל 10מ"
AG-2024-0488,מחוז תל אביב,שפלה,בית בד,569,111,0,157.9,197,6.4,כן,לא,לא,לא,נדחה,"ייעוד לא חקלאי; אי-עמידה בתמא"
AG-2024-0489,מחוז דרום,בקעת הירדן,אורווה,89,7,17,133.3,290.9,8.8,לא,כן,כן,לא,מאושר,""
AG-2024-0490,מחוז חיפה,שפלה,רפת,329,166,334,111.2,246.7,9.5,לא,כן,לא,לא,נדחה,"אי-עמידה בתמא"
AG-2024-0491,מחוז צפון,גליל,בית אריזה,244,12,0,197.4,140.2,7.1,כן,כן,כן,כן,מאושר,""
AG-2024-0492,מחוז תל אביב,גליל,בית בד,588,168,0,61.9,95.5,7.5,לא,כן,כן,לא,מאושר,""
AG-2024-0493,מחוז דרום,עמקים,חממת קנאביס רפואי,1698,69,0,133.6,969.8,9.1,כן,כן,כן,לא,דרוש תיקון,"חסר מכתב המלצה לבנייה גדולה"
AG-2024-0494,מחוז חיפה,גולן,מחסן חקלאי,50,60,0,58.7,181.9,4.5,כן,כן,כן,לא,מאושר,""
AG-2024-0495,מחוז צפון,שפלה,בית בד,84,136,0,42.8,893.6,8.9,לא,כן,כן,כן,מאושר,""
AG-2024-0496,מחוז תל אביב,חוף הכרמל,מחסן חקלאי,100,100,0,101.3,865.5,5.2,לא,כן,לא,כן,נדחה,"אי-עמידה בתמא"
AG-2024-0497,מחוז ירושלים,חוף הכרמל,מחסן קירור,188,90,0,27.7,811.4,10.7,לא,לא,כן,כן,נדחה,"ייעוד לא חקלאי"
AG-2024-0498,מחוז תל אביב,שרון,בית אריזה פרחים,476,9,0,132,65.3,10.6,כן,כן,כן,כן,דרוש תיקון,"גובה מעל 10מ"
AG-2024-0499,מחוז חיפה,גולן,אורווה,710,116,6,30.4,802,8.8,כן,כן,כן,לא,מאושר,""
AG-2024-0500,מחוז מרכז,נגב,אורווה,382,90,13,36.5,321.1,6.1,לא,לא,לא,לא,נדחה,"ייעוד לא חקלאי; אי-עמידה בתמא"
AG-2024-0501,מחוז דרום,גליל,יקב,572,154,0,156,675.3,5,לא,כן,לא,כן,נדחה,"אי-עמידה בתמא"
AG-2024-0502,מחוז דרום,גולן,חממה,1442,138,0,109.4,614.8,5.7,כן,כן,כן,לא,דרוש תיקון,"חסר מכתב המלצה לבנייה גדולה"
AG-2024-0503,מחוז דרום,חוף הכרמל,אורווה,733,194,5,157.6,422.1,9.1,כן,כן,כן,לא,מאושר,""
AG-2024-0504,מחוז דרום,שפלה,מחסן קירור,240,121,0,100.1,24.5,7.2,כן,כן,כן,כן,מאושר,""
AG-2024-0505,מחוז מרכז,חוף הכרמל,חממת קנאביס רפואי,973,40,0,90.4,668.6,11,כן,כן,לא,לא,נדחה,"אי-עמידה בתמא"
AG-2024-0506,מחוז דרום,שפלה,בריכת דגים,406,148,0,97.9,990.5,6.1,לא,לא,כן,כן,נדחה,"ייעוד לא חקלאי"
AG-2024-0507,מחוז צפון,חוף הכרמל,בריכת דגים,108,129,0,7.2,278.8,5.9,כן,כן,כן,כן,דרוש תיקון,"מרחק מכביש נמוך"
AG-2024-0508,מחוז מרכז,שרון,כבשייה,487,122,104,82,672.4,6.5,כן,לא,לא,לא,נדחה,"ייעוד לא חקלאי; אי-עמידה בתמא"
AG-2024-0509,מחוז תל אביב,גליל,לול,272,89,51257,151.7,187.5,3.3,כן,כן,כן,כן,דרוש תיקון,"לול - מרחק ממגורים בין 100-300מ"
AG-2024-0510,מחוז צפון,שפלה,בית בד,494,82,0,11.8,158,9.4,כן,כן,כן,כן,מאושר,""
AG-2024-0511,מחוז מרכז,גולן,בית בד,559,198,0,136.6,932.6,4.4,כן,לא,לא,לא,נדחה,"ייעוד לא חקלאי; אי-עמידה בתמא"
AG-2024-0512,מחוז צפון,עמקים,חממה,2179,108,0,51.4,750.2,9.6,כן,כן,כן,לא,דרוש תיקון,"חסר מכתב המלצה לבנייה גדולה"
AG-2024-0513,מחוז מרכז,גליל,חממת קנאביס רפואי,1582,172,0,148.5,954.5,9.7,לא,כן,כן,לא,דרוש תיקון,"חסר מכתב המלצה לבנייה גדולה"
AG-2024-0514,מחוז מרכז,עמקים,לול,514,162,2508,184.4,29.4,6.2,כן,כן,כן,לא,נדחה,"לול - מרחק ממגורים פחות מ-100מ"
AG-2024-0515,מחוז צפון,חוף הכרמל,בית אריזה פרחים,249,104,0,22.6,307.2,5.5,כן,כן,כן,כן,מאושר,""
AG-2024-0516,מחוז מרכז,ערבה,בית אריזה,112,174,0,185.3,959.8,10.1,כן,כן,לא,לא,נדחה,"אי-עמידה בתמא"
AG-2024-0517,מחוז חיפה,עמקים,מחסן קירור,227,130,0,107.3,183.4,8.7,לא,לא,כן,לא,נדחה,"ייעוד לא חקלאי"
AG-2024-0518,מחוז מרכז,שרון,בית בד,784,191,0,91,784.1,10,לא,כן,כן,כן,מאושר,""
AG-2024-0519,מחוז מרכז,עמקים,מכון רדייה,529,111,0,123.2,563,5.1,כן,כן,כן,כן,מאושר,""
AG-2024-0520,מחוז צפון,ערבה,בית בד,158,192,0,172.8,301.8,2.4,לא,כן,כן,לא,מאושר,""
AG-2024-0521,מחוז דרום,גליל,בית אריזה פרחים,398,176,0,191.2,842.7,5.3,לא,לא,כן,כן,נדחה,"ייעוד לא חקלאי"
AG-2024-0522,מחוז חיפה,ערבה,מחסן חקלאי,354,73,0,144.5,933.5,6.8,לא,כן,כן,כן,מאושר,""
AG-2024-0523,מחוז תל אביב,חוף הכרמל,לול,331,14,46446,180.3,116.4,3,לא,לא,כן,לא,נדחה,"ייעוד לא חקלאי"
AG-2024-0524,מחוז צפון,חוף הכרמל,חממת קנאביס רפואי,581,101,0,96.9,962.7,7.1,כן,לא,כן,לא,נדחה,"ייעוד לא חקלאי"
AG-2024-0525,מחוז תל אביב,גולן,מחסן קירור,390,103,0,14.4,354.9,10.1,לא,כן,כן,כן,דרוש תיקון,"גובה מעל 10מ"
AG-2024-0526,מחוז חיפה,עמקים,יקב,792,190,0,192.3,594.6,8.1,לא,כן,לא,לא,נדחה,"אי-עמידה בתמא"
AG-2024-0527,מחוז ירושלים,גליל,בית אריזה תות שדה,169,154,0,154.6,273.5,1.7,כן,כן,כן,לא,מאושר,""
AG-2024-0528,מחוז תל אביב,ערבה,בית אריזה,502,106,0,116,181.1,2.5,כן,לא,לא,כן,נדחה,"ייעוד לא חקלאי; אי-עמידה בתמא"
AG-2024-0529,מחוז ירושלים,גליל,לול,305,19,87663,143.6,325.9,10.8,לא,כן,כן,כן,דרוש תיקון,"גובה מעל 10מ"
AG-2024-0530,מחוז תל אביב,גולן,בית אריזה פרחים,525,65,0,31.7,323.5,9.5,כן,לא,כן,כן,נדחה,"ייעוד לא חקלאי"
AG-2024-0531,מחוז חיפה,גליל,בית אריזה,522,93,0,125.7,124.8,4.9,כן,כן,כן,כן,מאושר,""
AG-2024-0532,מחוז חיפה,חוף הכרמל,סככת ציוד,30,154,0,172.3,126.5,11.3,כן,כן,כן,לא,דרוש תיקון,"גובה מעל 10מ"
AG-2024-0533,מחוז ירושלים,חוף הכרמל,כבשייה,326,128,173,185.5,153.2,3.3,לא,כן,לא,כן,נדחה,"אי-עמידה בתמא"
AG-2024-0534,מחוז מרכז,שרון,בית בד,99,103,0,7.9,127.1,6.6,לא,כן,לא,לא,נדחה,"אי-עמידה בתמא"
AG-2024-0535,מחוז ירושלים,חוף הכרמל,מכון רדייה,509,150,0,11.4,49.6,1.7,כן,כן,לא,כן,נדחה,"אי-עמידה בתמא"
AG-2024-0536,מחוז חיפה,בקעת הירדן,אורווה,51,109,5,83.4,665.1,5.9,כן,כן,כן,לא,מאושר,""
AG-2024-0537,מחוז צפון,עמקים,אורווה,326,183,24,135.6,738.1,9.1,לא,כן,כן,כן,מאושר,""
AG-2024-0538,מחוז צפון,גולן,יקב,44,162,0,161.4,446.8,4.6,כן,כן,לא,לא,נדחה,"אי-עמידה בתמא"
AG-2024-0539,מחוז תל אביב,ערבה,אורווה,366,39,10,134.8,954.5,11.3,לא,לא,כן,כן,נדחה,"ייעוד לא חקלאי"
AG-2024-0540,מחוז חיפה,שרון,חממה,1647,65,0,28.4,732.8,2.8,לא,כן,כן,לא,דרוש תיקון,"חסר מכתב המלצה לבנייה גדולה"
AG-2024-0541,מחוז חיפה,שרון,חממת קנאביס רפואי,1112,29,0,93.7,32.2,3.5,כן,לא,כן,לא,נדחה,"ייעוד לא חקלאי"
AG-2024-0542,מחוז ירושלים,שרון,מכון רדייה,551,162,0,86.2,836.8,10.3,כן,כן,כן,לא,דרוש תיקון,"גובה מעל 10מ"
AG-2024-0543,מחוז חיפה,בקעת הירדן,לול,239,8,45045,170.7,314.3,2.2,לא,לא,לא,כן,נדחה,"ייעוד לא חקלאי; אי-עמידה בתמא"
AG-2024-0544,מחוז מרכז,נגב,בית בד,664,171,0,155.3,116.5,1.8,כן,לא,כן,כן,נדחה,"ייעוד לא חקלאי"
AG-2024-0545,מחוז חיפה,גולן,בית אריזה תות שדה,614,87,0,99,928.7,4.7,לא,לא,כן,כן,נדחה,"ייעוד לא חקלאי"
AG-2024-0546,מחוז דרום,עמקים,חממה,2055,16,0,176.4,940.7,6.6,לא,כן,כן,לא,דרוש תיקון,"חסר מכתב המלצה לבנייה גדולה"
AG-2024-0547,מחוז חיפה,גליל,רפת,648,186,185,11.4,255,10.5,לא,כן,לא,לא,נדחה,"אי-עמידה בתמא"
AG-2024-0548,מחוז צפון,שרון,בית אריזה תות שדה,455,176,0,110.1,964.9,2.2,כן,לא,לא,לא,נדחה,"ייעוד לא חקלאי; אי-עמידה בתמא"
AG-2024-0549,מחוז מרכז,גליל,חממה,1975,163,0,148.6,450.7,2.1,כן,כן,לא,כן,נדחה,"אי-עמידה בתמא"
AG-2024-0550,מחוז חיפה,שפלה,מחסן קירור,192,167,0,55.8,485.3,11.2,כן,כן,כן,לא,דרוש תיקון,"גובה מעל 10מ"
AG-2024-0551,מחוז חיפה,ערבה,יקב,536,187,0,165.6,45.6,3.4,לא,כן,לא,כן,נדחה,"אי-עמידה בתמא"
AG-2024-0552,מחוז צפון,שפלה,חממת קנאביס רפואי,1627,158,0,142.7,322.5,9.7,לא,לא,לא,כן,נדחה,"ייעוד לא חקלאי; אי-עמידה בתמא"
AG-2024-0553,מחוז דרום,עמקים,סככת ציוד,311,16,0,147.9,767.5,7.8,כן,לא,כן,כן,נדחה,"ייעוד לא חקלאי"
AG-2024-0554,מחוז מרכז,נגב,מכון רדייה,127,102,0,109.9,679.2,11,לא,לא,כן,לא,נדחה,"ייעוד לא חקלאי"
AG-2024-0555,מחוז חיפה,גולן,לול,252,85,22204,195.4,897.5,9,כן,כן,כן,לא,מאושר,""
AG-2024-0556,מחוז תל אביב,חוף הכרמל,מחסן קירור,197,59,0,70.1,900.6,5.8,לא,כן,כן,כן,מאושר,""
AG-2024-0557,מחוז צפון,חוף הכרמל,בית בד,748,50,0,111.3,355,11.4,כן,לא,לא,כן,נדחה,"ייעוד לא חקלאי; אי-עמידה בתמא"
AG-2024-0558,מחוז דרום,נגב,רפת,255,162,184,94.4,820.7,10.3,לא,כן,לא,לא,נדחה,"אי-עמידה בתמא"
AG-2024-0559,מחוז ירושלים,שפלה,חממת קנאביס רפואי,889,53,0,101.5,442,2,כן,כן,כן,לא,מאושר,""
AG-2024-0560,מחוז ירושלים,חוף הכרמל,חממת קנאביס רפואי,1278,71,0,177.3,173.9,3,כן,לא,לא,כן,נדחה,"ייעוד לא חקלאי; אי-עמידה בתמא"
AG-2024-0561,מחוז חיפה,שרון,בית אריזה,326,160,0,88.3,294.8,8.9,כן,כן,כן,כן,מאושר,""
AG-2024-0562,מחוז תל אביב,גולן,יקב,213,66,0,89.3,250.2,3.9,כן,לא,כן,לא,נדחה,"ייעוד לא חקלאי"
AG-2024-0563,מחוז מרכז,נגב,בית אריזה תות שדה,712,131,0,115.6,519.5,8.9,לא,כן,כן,כן,מאושר,""
AG-2024-0564,מחוז ירושלים,ערבה,סככת ציוד,799,137,0,137.5,595.5,4.4,לא,כן,כן,לא,מאושר,""
AG-2024-0565,מחוז דרום,חוף הכרמל,מחסן חקלאי,559,182,0,93.6,75.3,3.6,לא,כן,לא,לא,נדחה,"אי-עמידה בתמא"
AG-2024-0566,מחוז דרום,ערבה,בית אריזה,693,154,0,107.4,516.4,8.6,לא,כן,כן,לא,מאושר,""
AG-2024-0567,מחוז חיפה,ערבה,יקב,253,149,0,35.4,131.5,7.3,לא,כן,כן,כן,מאושר,""
AG-2024-0568,מחוז צפון,ערבה,חממת קנאביס רפואי,216,47,0,189.7,162.4,8.1,לא,לא,כן,כן,נדחה,"ייעוד לא חקלאי"
AG-2024-0569,מחוז מרכז,חוף הכרמל,בית בד,674,11,0,169.6,228.7,5.8,לא,כן,כן,כן,מאושר,""
AG-2024-0570,מחוז דרום,שרון,סככת ציוד,380,144,0,61.5,987.9,7,כן,לא,כן,כן,נדחה,"ייעוד לא חקלאי"
AG-2024-0571,מחוז תל אביב,שרון,אורווה,459,128,15,165.9,24.4,11.2,לא,לא,כן,לא,נדחה,"ייעוד לא חקלאי"
AG-2024-0572,מחוז צפון,גולן,בית אריזה,82,66,0,55.8,351.6,6.2,לא,כן,לא,כן,נדחה,"אי-עמידה בתמא"
AG-2024-0573,מחוז מרכז,עמקים,אורווה,61,154,10,5.6,716.9,3.2,לא,כן,כן,לא,דרוש תיקון,"מרחק מכביש נמוך"
AG-2024-0574,מחוז מרכז,שפלה,בית אריזה תות שדה,152,29,0,70.1,409.1,6,לא,כן,כן,לא,מאושר,""
AG-2024-0575,מחוז ירושלים,גליל,סככת ציוד,636,154,0,111.8,300.8,1.7,לא,כן,כן,כן,מאושר,""
AG-2024-0576,מחוז ירושלים,בקעת הירדן,סככת ציוד,609,183,0,113.2,538.4,3.5,לא,כן,כן,לא,מאושר,""
AG-2024-0577,מחוז תל אביב,שפלה,בית בד,247,135,0,117.3,454.6,9.9,לא,לא,לא,כן,נדחה,"ייעוד לא חקלאי; אי-עמידה בתמא"
AG-2024-0578,מחוז מרכז,בקעת הירדן,אורווה,221,6,8,196.3,757.9,3,כן,לא,כן,לא,נדחה,"ייעוד לא חקלאי"
AG-2024-0579,מחוז מרכז,גולן,אורווה,299,166,29,104.2,881.3,8.1,לא,כן,לא,לא,נדחה,"אי-עמידה בתמא"
AG-2024-0580,מחוז תל אביב,גליל,בריכת דגים,344,77,0,81.5,132.3,6.7,כן,לא,כן,לא,נדחה,"ייעוד לא חקלאי"
AG-2024-0581,מחוז תל אביב,חוף הכרמל,מחסן קירור,613,90,0,144,470.3,6.8,לא,לא,לא,כן,נדחה,"ייעוד לא חקלאי; אי-עמידה בתמא"
AG-2024-0582,מחוז דרום,ערבה,חממה,732,62,0,158.3,51.5,10.9,כן,כן,כן,לא,דרוש תיקון,"גובה מעל 10מ"
AG-2024-0583,מחוז תל אביב,גולן,בית אריזה,113,99,0,34.9,23.1,10.5,כן,כן,כן,כן,דרוש תיקון,"גובה מעל 10מ"
AG-2024-0584,מחוז דרום,שפלה,יקב,785,42,0,53.1,632.5,10.9,כן,כן,כן,לא,דרוש תיקון,"גובה מעל 10מ"
AG-2024-0585,מחוז חיפה,חוף הכרמל,מכון רדייה,861,138,0,49.9,302.1,4.8,כן,לא,כן,לא,נדחה,"ייעוד לא חקלאי"
AG-2024-0586,מחוז מרכז,בקעת הירדן,מחסן קירור,632,169,0,196,753.4,8.5,כן,כן,כן,לא,מאושר,""
AG-2024-0587,מחוז דרום,חוף הכרמל,בית אריזה תות שדה,795,196,0,91.7,798.5,5.8,כן,לא,לא,כן,נדחה,"ייעוד לא חקלאי; אי-עמידה בתמא"
AG-2024-0588,מחוז צפון,שרון,בית אריזה תות שדה,38,11,0,19.3,736.2,11.1,כן,לא,כן,כן,נדחה,"ייעוד לא חקלאי"
AG-2024-0589,מחוז צפון,חוף הכרמל,בית בד,726,39,0,133.5,646,9.4,כן,כן,לא,לא,נדחה,"אי-עמידה בתמא"
AG-2024-0590,מחוז מרכז,שרון,לול,200,196,92437,117.2,75.8,1.6,כן,לא,כן,לא,נדחה,"ייעוד לא חקלאי; לול - מרחק ממגורים פחות מ-100מ"
AG-2024-0591,מחוז צפון,גולן,בריכת דגים,468,196,0,147.5,972.8,7.8,לא,כן,כן,כן,מאושר,""
AG-2024-0592,מחוז תל אביב,נגב,בית אריזה פרחים,167,57,0,197.2,479.3,6.8,כן,לא,לא,לא,נדחה,"ייעוד לא חקלאי; אי-עמידה בתמא"
AG-2024-0593,מחוז חיפה,בקעת הירדן,בריכת דגים,145,71,0,198.7,676.7,9.9,לא,כן,כן,לא,מאושר,""
AG-2024-0594,מחוז תל אביב,חוף הכרמל,מכון רדייה,927,141,0,60.2,322.2,3,כן,כן,כן,כן,מאושר,""
AG-2024-0595,מחוז תל אביב,חוף הכרמל,בית בד,389,36,0,186.4,627.5,11.1,לא,כן,כן,לא,דרוש תיקון,"גובה מעל 10מ"
AG-2024-0596,מחוז מרכז,ערבה,בית אריזה פרחים,406,192,0,76.1,587.4,4.4,כן,לא,לא,כן,נדחה,"ייעוד לא חקלאי; אי-עמידה בתמא"
AG-2024-0597,מחוז תל אביב,גולן,לול,422,187,55000,124.9,61,7.4,לא,כן,כן,כן,נדחה,"לול - מרחק ממגורים פחות מ-100מ"
AG-2024-0598,מחוז תל אביב,שפלה,מכון רדייה,332,142,0,194.8,171,7.3,כן,כן,כן,לא,מאושר,""
AG-2024-0599,מחוז תל אביב,ערבה,רפת,243,27,41,13.1,72,6.1,לא,כן,כן,לא,מאושר,""
AG-2024-0600,מחוז תל אביב,נגב,מכון רדייה,120,40,0,160.3,128.9,2.8,לא,לא,לא,לא,נדחה,"ייעוד לא חקלאי; אי-עמידה בתמא"
